2026-10-06 04:10:19.297 +07:00 [INF] Starting CulinaryBlog API
2026-10-06 04:10:21.784 +07:00 [INF] Starting database initialization...
2026-10-06 04:10:22.312 +07:00 [WRN] Entity 'Recipe' has a global query filter defined and is the required end of a relationship with the entity 'RecipeImage'. This may lead to unexpected results when the required entity is filtered out. Either configure the navigation as optional, or define matching query filters for both entities in the navigation. See https://go.microsoft.com/fwlink/?linkid=2131316 for more information.
2026-10-06 04:10:22.315 +07:00 [WRN] Entity 'Recipe' has a global query filter defined and is the required end of a relationship with the entity 'RecipeIngredient'. This may lead to unexpected results when the required entity is filtered out. Either configure the navigation as optional, or define matching query filters for both entities in the navigation. See https://go.microsoft.com/fwlink/?linkid=2131316 for more information.
2026-10-06 04:10:22.317 +07:00 [WRN] Entity 'Recipe' has a global query filter defined and is the required end of a relationship with the entity 'RecipeStep'. This may lead to unexpected results when the required entity is filtered out. Either configure the navigation as optional, or define matching query filters for both entities in the navigation. See https://go.microsoft.com/fwlink/?linkid=2131316 for more information.
2026-10-06 04:10:22.671 +07:00 [ERR] An error occurred using the connection to database 'culinaryblog_db' on server 'tcp://127.0.0.1:5432'.
2026-10-06 04:10:22.678 +07:00 [ERR] Database initialization failed.
Npgsql.PostgresException (0x80004005): 28P01: password authentication failed for user "postgres"
   at Npgsql.Internal.NpgsqlConnector.ReadMessageLong(Boolean async, DataRowLoadingMode dataRowLoadingMode, Boolean readingNotifications, Boolean isReadingPrependedMessage)
   at System.Runtime.CompilerServices.PoolingAsyncValueTaskMethodBuilder`1.StateMachineBox`1.System.Threading.Tasks.Sources.IValueTaskSource<TResult>.GetResult(Int16 token)
   at Npgsql.Internal.NpgsqlConnector.AuthenticateSASL(List`1 mechanisms, String username, Boolean async, CancellationToken cancellationToken)
   at Npgsql.Internal.NpgsqlConnector.Authenticate(String username, NpgsqlTimeout timeout, Boolean async, CancellationToken cancellationToken)
   at Npgsql.Internal.NpgsqlConnector.<Open>g__OpenCore|209_0(NpgsqlConnector conn, String username, SslMode sslMode, GssEncryptionMode gssEncMode, NpgsqlTimeout timeout, Boolean async, CancellationToken cancellationToken)
   at Npgsql.Internal.NpgsqlConnector.<Open>g__OpenCore|209_0(NpgsqlConnector conn, String username, SslMode sslMode, GssEncryptionMode gssEncMode, NpgsqlTimeout timeout, Boolean async, CancellationToken cancellationToken)
   at Npgsql.Internal.NpgsqlConnector.Open(NpgsqlTimeout timeout, Boolean async, CancellationToken cancellationToken)
   at Npgsql.PoolingDataSource.OpenNewConnector(NpgsqlConnection conn, NpgsqlTimeout timeout, Boolean async, CancellationToken cancellationToken)
   at Npgsql.PoolingDataSource.<Get>g__RentAsync|33_0(NpgsqlConnection conn, NpgsqlTimeout timeout, Boolean async, CancellationToken cancellationToken)
   at Npgsql.NpgsqlConnection.<Open>g__OpenAsync|42_0(Boolean async, CancellationToken cancellationToken)
   at Microsoft.EntityFrameworkCore.Storage.RelationalConnection.OpenInternalAsync(Boolean errorsExpected, CancellationToken cancellationToken)
   at Microsoft.EntityFrameworkCore.Storage.RelationalConnection.OpenInternalAsync(Boolean errorsExpected, CancellationToken cancellationToken)
   at Microsoft.EntityFrameworkCore.Storage.RelationalConnection.OpenAsync(CancellationToken cancellationToken, Boolean errorsExpected)
   at Microsoft.EntityFrameworkCore.Storage.RelationalCommand.ExecuteReaderAsync(RelationalCommandParameterObject parameterObject, CancellationToken cancellationToken)
   at Microsoft.EntityFrameworkCore.Migrations.HistoryRepository.GetAppliedMigrationsAsync(CancellationToken cancellationToken)
   at Npgsql.EntityFrameworkCore.PostgreSQL.Migrations.Internal.NpgsqlHistoryRepository.GetAppliedMigrationsAsync(CancellationToken cancellationToken)
   at Npgsql.EntityFrameworkCore.PostgreSQL.Migrations.Internal.NpgsqlMigrator.MigrateAsync(String targetMigration, CancellationToken cancellationToken)
   at CulinaryBlog.Infrastructure.Persistence.Seed.DbInitializer.InitializeAsync(IServiceProvider serviceProvider, ILogger logger, CancellationToken cancellationToken) in D:\PTUDWNC-2026-Nhom12\backend\src\CulinaryBlog.Infrastructure\Persistence\Seed\DbInitializer.cs:line 25
   at Program.<Main>$(String[] args) in D:\PTUDWNC-2026-Nhom12\backend\src\CulinaryBlog.Api\Program.cs:line 77
  Exception data:
    Severity: FATAL
    SqlState: 28P01
    MessageText: password authentication failed for user "postgres"
    File: auth.c
    Line: 320
    Routine: auth_failed
2026-10-06 04:10:22.715 +07:00 [FTL] Application terminated unexpectedly
Npgsql.PostgresException (0x80004005): 28P01: password authentication failed for user "postgres"
   at Npgsql.Internal.NpgsqlConnector.ReadMessageLong(Boolean async, DataRowLoadingMode dataRowLoadingMode, Boolean readingNotifications, Boolean isReadingPrependedMessage)
   at System.Runtime.CompilerServices.PoolingAsyncValueTaskMethodBuilder`1.StateMachineBox`1.System.Threading.Tasks.Sources.IValueTaskSource<TResult>.GetResult(Int16 token)
   at Npgsql.Internal.NpgsqlConnector.AuthenticateSASL(List`1 mechanisms, String username, Boolean async, CancellationToken cancellationToken)
   at Npgsql.Internal.NpgsqlConnector.Authenticate(String username, NpgsqlTimeout timeout, Boolean async, CancellationToken cancellationToken)
   at Npgsql.Internal.NpgsqlConnector.<Open>g__OpenCore|209_0(NpgsqlConnector conn, String username, SslMode sslMode, GssEncryptionMode gssEncMode, NpgsqlTimeout timeout, Boolean async, CancellationToken cancellationToken)
   at Npgsql.Internal.NpgsqlConnector.<Open>g__OpenCore|209_0(NpgsqlConnector conn, String username, SslMode sslMode, GssEncryptionMode gssEncMode, NpgsqlTimeout timeout, Boolean async, CancellationToken cancellationToken)
   at Npgsql.Internal.NpgsqlConnector.Open(NpgsqlTimeout timeout, Boolean async, CancellationToken cancellationToken)
   at Npgsql.PoolingDataSource.OpenNewConnector(NpgsqlConnection conn, NpgsqlTimeout timeout, Boolean async, CancellationToken cancellationToken)
   at Npgsql.PoolingDataSource.<Get>g__RentAsync|33_0(NpgsqlConnection conn, NpgsqlTimeout timeout, Boolean async, CancellationToken cancellationToken)
   at Npgsql.NpgsqlConnection.<Open>g__OpenAsync|42_0(Boolean async, CancellationToken cancellationToken)
   at Microsoft.EntityFrameworkCore.Storage.RelationalConnection.OpenInternalAsync(Boolean errorsExpected, CancellationToken cancellationToken)
   at Microsoft.EntityFrameworkCore.Storage.RelationalConnection.OpenInternalAsync(Boolean errorsExpected, CancellationToken cancellationToken)
   at Microsoft.EntityFrameworkCore.Storage.RelationalConnection.OpenAsync(CancellationToken cancellationToken, Boolean errorsExpected)
   at Microsoft.EntityFrameworkCore.Storage.RelationalCommand.ExecuteReaderAsync(RelationalCommandParameterObject parameterObject, CancellationToken cancellationToken)
   at Microsoft.EntityFrameworkCore.Migrations.HistoryRepository.GetAppliedMigrationsAsync(CancellationToken cancellationToken)
   at Npgsql.EntityFrameworkCore.PostgreSQL.Migrations.Internal.NpgsqlHistoryRepository.GetAppliedMigrationsAsync(CancellationToken cancellationToken)
   at Npgsql.EntityFrameworkCore.PostgreSQL.Migrations.Internal.NpgsqlMigrator.MigrateAsync(String targetMigration, CancellationToken cancellationToken)
   at CulinaryBlog.Infrastructure.Persistence.Seed.DbInitializer.InitializeAsync(IServiceProvider serviceProvider, ILogger logger, CancellationToken cancellationToken) in D:\PTUDWNC-2026-Nhom12\backend\src\CulinaryBlog.Infrastructure\Persistence\Seed\DbInitializer.cs:line 25
   at Program.<Main>$(String[] args) in D:\PTUDWNC-2026-Nhom12\backend\src\CulinaryBlog.Api\Program.cs:line 77
  Exception data:
    Severity: FATAL
    SqlState: 28P01
    MessageText: password authentication failed for user "postgres"
    File: auth.c
    Line: 320
    Routine: auth_failed
2026-10-06 04:30:49.895 +07:00 [INF] Starting CulinaryBlog API
2026-10-06 04:30:50.213 +07:00 [INF] Starting database initialization...
2026-10-06 04:30:50.736 +07:00 [WRN] Entity 'Recipe' has a global query filter defined and is the required end of a relationship with the entity 'RecipeImage'. This may lead to unexpected results when the required entity is filtered out. Either configure the navigation as optional, or define matching query filters for both entities in the navigation. See https://go.microsoft.com/fwlink/?linkid=2131316 for more information.
2026-10-06 04:30:50.740 +07:00 [WRN] Entity 'Recipe' has a global query filter defined and is the required end of a relationship with the entity 'RecipeIngredient'. This may lead to unexpected results when the required entity is filtered out. Either configure the navigation as optional, or define matching query filters for both entities in the navigation. See https://go.microsoft.com/fwlink/?linkid=2131316 for more information.
2026-10-06 04:30:50.742 +07:00 [WRN] Entity 'Recipe' has a global query filter defined and is the required end of a relationship with the entity 'RecipeStep'. This may lead to unexpected results when the required entity is filtered out. Either configure the navigation as optional, or define matching query filters for both entities in the navigation. See https://go.microsoft.com/fwlink/?linkid=2131316 for more information.
2026-10-06 04:30:51.172 +07:00 [ERR] An error occurred using the connection to database 'culinaryblog_db' on server 'tcp://127.0.0.1:5432'.
2026-10-06 04:30:51.179 +07:00 [ERR] Database initialization failed.
Npgsql.PostgresException (0x80004005): 28P01: password authentication failed for user "postgres"
   at Npgsql.Internal.NpgsqlConnector.ReadMessageLong(Boolean async, DataRowLoadingMode dataRowLoadingMode, Boolean readingNotifications, Boolean isReadingPrependedMessage)
   at System.Runtime.CompilerServices.PoolingAsyncValueTaskMethodBuilder`1.StateMachineBox`1.System.Threading.Tasks.Sources.IValueTaskSource<TResult>.GetResult(Int16 token)
   at Npgsql.Internal.NpgsqlConnector.AuthenticateSASL(List`1 mechanisms, String username, Boolean async, CancellationToken cancellationToken)
   at Npgsql.Internal.NpgsqlConnector.Authenticate(String username, NpgsqlTimeout timeout, Boolean async, CancellationToken cancellationToken)
   at Npgsql.Internal.NpgsqlConnector.<Open>g__OpenCore|209_0(NpgsqlConnector conn, String username, SslMode sslMode, GssEncryptionMode gssEncMode, NpgsqlTimeout timeout, Boolean async, CancellationToken cancellationToken)
   at Npgsql.Internal.NpgsqlConnector.<Open>g__OpenCore|209_0(NpgsqlConnector conn, String username, SslMode sslMode, GssEncryptionMode gssEncMode, NpgsqlTimeout timeout, Boolean async, CancellationToken cancellationToken)
   at Npgsql.Internal.NpgsqlConnector.Open(NpgsqlTimeout timeout, Boolean async, CancellationToken cancellationToken)
   at Npgsql.PoolingDataSource.OpenNewConnector(NpgsqlConnection conn, NpgsqlTimeout timeout, Boolean async, CancellationToken cancellationToken)
   at Npgsql.PoolingDataSource.<Get>g__RentAsync|33_0(NpgsqlConnection conn, NpgsqlTimeout timeout, Boolean async, CancellationToken cancellationToken)
   at Npgsql.NpgsqlConnection.<Open>g__OpenAsync|42_0(Boolean async, CancellationToken cancellationToken)
   at Microsoft.EntityFrameworkCore.Storage.RelationalConnection.OpenInternalAsync(Boolean errorsExpected, CancellationToken cancellationToken)
   at Microsoft.EntityFrameworkCore.Storage.RelationalConnection.OpenInternalAsync(Boolean errorsExpected, CancellationToken cancellationToken)
   at Microsoft.EntityFrameworkCore.Storage.RelationalConnection.OpenAsync(CancellationToken cancellationToken, Boolean errorsExpected)
   at Microsoft.EntityFrameworkCore.Storage.RelationalCommand.ExecuteReaderAsync(RelationalCommandParameterObject parameterObject, CancellationToken cancellationToken)
   at Microsoft.EntityFrameworkCore.Migrations.HistoryRepository.GetAppliedMigrationsAsync(CancellationToken cancellationToken)
   at Npgsql.EntityFrameworkCore.PostgreSQL.Migrations.Internal.NpgsqlHistoryRepository.GetAppliedMigrationsAsync(CancellationToken cancellationToken)
   at Npgsql.EntityFrameworkCore.PostgreSQL.Migrations.Internal.NpgsqlMigrator.MigrateAsync(String targetMigration, CancellationToken cancellationToken)
   at CulinaryBlog.Infrastructure.Persistence.Seed.DbInitializer.InitializeAsync(IServiceProvider serviceProvider, ILogger logger, CancellationToken cancellationToken) in D:\PTUDWNC-2026-Nhom12\backend\src\CulinaryBlog.Infrastructure\Persistence\Seed\DbInitializer.cs:line 25
   at Program.<Main>$(String[] args) in D:\PTUDWNC-2026-Nhom12\backend\src\CulinaryBlog.Api\Program.cs:line 77
  Exception data:
    Severity: FATAL
    SqlState: 28P01
    MessageText: password authentication failed for user "postgres"
    File: auth.c
    Line: 320
    Routine: auth_failed
2026-10-06 04:30:51.196 +07:00 [FTL] Application terminated unexpectedly
Npgsql.PostgresException (0x80004005): 28P01: password authentication failed for user "postgres"
   at Npgsql.Internal.NpgsqlConnector.ReadMessageLong(Boolean async, DataRowLoadingMode dataRowLoadingMode, Boolean readingNotifications, Boolean isReadingPrependedMessage)
   at System.Runtime.CompilerServices.PoolingAsyncValueTaskMethodBuilder`1.StateMachineBox`1.System.Threading.Tasks.Sources.IValueTaskSource<TResult>.GetResult(Int16 token)
   at Npgsql.Internal.NpgsqlConnector.AuthenticateSASL(List`1 mechanisms, String username, Boolean async, CancellationToken cancellationToken)
   at Npgsql.Internal.NpgsqlConnector.Authenticate(String username, NpgsqlTimeout timeout, Boolean async, CancellationToken cancellationToken)
   at Npgsql.Internal.NpgsqlConnector.<Open>g__OpenCore|209_0(NpgsqlConnector conn, String username, SslMode sslMode, GssEncryptionMode gssEncMode, NpgsqlTimeout timeout, Boolean async, CancellationToken cancellationToken)
   at Npgsql.Internal.NpgsqlConnector.<Open>g__OpenCore|209_0(NpgsqlConnector conn, String username, SslMode sslMode, GssEncryptionMode gssEncMode, NpgsqlTimeout timeout, Boolean async, CancellationToken cancellationToken)
   at Npgsql.Internal.NpgsqlConnector.Open(NpgsqlTimeout timeout, Boolean async, CancellationToken cancellationToken)
   at Npgsql.PoolingDataSource.OpenNewConnector(NpgsqlConnection conn, NpgsqlTimeout timeout, Boolean async, CancellationToken cancellationToken)
   at Npgsql.PoolingDataSource.<Get>g__RentAsync|33_0(NpgsqlConnection conn, NpgsqlTimeout timeout, Boolean async, CancellationToken cancellationToken)
   at Npgsql.NpgsqlConnection.<Open>g__OpenAsync|42_0(Boolean async, CancellationToken cancellationToken)
   at Microsoft.EntityFrameworkCore.Storage.RelationalConnection.OpenInternalAsync(Boolean errorsExpected, CancellationToken cancellationToken)
   at Microsoft.EntityFrameworkCore.Storage.RelationalConnection.OpenInternalAsync(Boolean errorsExpected, CancellationToken cancellationToken)
   at Microsoft.EntityFrameworkCore.Storage.RelationalConnection.OpenAsync(CancellationToken cancellationToken, Boolean errorsExpected)
   at Microsoft.EntityFrameworkCore.Storage.RelationalCommand.ExecuteReaderAsync(RelationalCommandParameterObject parameterObject, CancellationToken cancellationToken)
   at Microsoft.EntityFrameworkCore.Migrations.HistoryRepository.GetAppliedMigrationsAsync(CancellationToken cancellationToken)
   at Npgsql.EntityFrameworkCore.PostgreSQL.Migrations.Internal.NpgsqlHistoryRepository.GetAppliedMigrationsAsync(CancellationToken cancellationToken)
   at Npgsql.EntityFrameworkCore.PostgreSQL.Migrations.Internal.NpgsqlMigrator.MigrateAsync(String targetMigration, CancellationToken cancellationToken)
   at CulinaryBlog.Infrastructure.Persistence.Seed.DbInitializer.InitializeAsync(IServiceProvider serviceProvider, ILogger logger, CancellationToken cancellationToken) in D:\PTUDWNC-2026-Nhom12\backend\src\CulinaryBlog.Infrastructure\Persistence\Seed\DbInitializer.cs:line 25
   at Program.<Main>$(String[] args) in D:\PTUDWNC-2026-Nhom12\backend\src\CulinaryBlog.Api\Program.cs:line 77
  Exception data:
    Severity: FATAL
    SqlState: 28P01
    MessageText: password authentication failed for user "postgres"
    File: auth.c
    Line: 320
    Routine: auth_failed
2026-10-06 04:32:32.357 +07:00 [INF] Starting CulinaryBlog API
2026-10-06 04:32:32.587 +07:00 [INF] Starting database initialization...
2026-10-06 04:32:33.081 +07:00 [WRN] Entity 'Recipe' has a global query filter defined and is the required end of a relationship with the entity 'RecipeImage'. This may lead to unexpected results when the required entity is filtered out. Either configure the navigation as optional, or define matching query filters for both entities in the navigation. See https://go.microsoft.com/fwlink/?linkid=2131316 for more information.
2026-10-06 04:32:33.083 +07:00 [WRN] Entity 'Recipe' has a global query filter defined and is the required end of a relationship with the entity 'RecipeIngredient'. This may lead to unexpected results when the required entity is filtered out. Either configure the navigation as optional, or define matching query filters for both entities in the navigation. See https://go.microsoft.com/fwlink/?linkid=2131316 for more information.
2026-10-06 04:32:33.084 +07:00 [WRN] Entity 'Recipe' has a global query filter defined and is the required end of a relationship with the entity 'RecipeStep'. This may lead to unexpected results when the required entity is filtered out. Either configure the navigation as optional, or define matching query filters for both entities in the navigation. See https://go.microsoft.com/fwlink/?linkid=2131316 for more information.
2026-10-06 04:32:33.434 +07:00 [ERR] An error occurred using the connection to database 'culinaryblog_db' on server 'tcp://127.0.0.1:5432'.
2026-10-06 04:32:33.441 +07:00 [ERR] Database initialization failed.
Npgsql.PostgresException (0x80004005): 28P01: password authentication failed for user "postgres"
   at Npgsql.Internal.NpgsqlConnector.ReadMessageLong(Boolean async, DataRowLoadingMode dataRowLoadingMode, Boolean readingNotifications, Boolean isReadingPrependedMessage)
   at System.Runtime.CompilerServices.PoolingAsyncValueTaskMethodBuilder`1.StateMachineBox`1.System.Threading.Tasks.Sources.IValueTaskSource<TResult>.GetResult(Int16 token)
   at Npgsql.Internal.NpgsqlConnector.AuthenticateSASL(List`1 mechanisms, String username, Boolean async, CancellationToken cancellationToken)
   at Npgsql.Internal.NpgsqlConnector.Authenticate(String username, NpgsqlTimeout timeout, Boolean async, CancellationToken cancellationToken)
   at Npgsql.Internal.NpgsqlConnector.<Open>g__OpenCore|209_0(NpgsqlConnector conn, String username, SslMode sslMode, GssEncryptionMode gssEncMode, NpgsqlTimeout timeout, Boolean async, CancellationToken cancellationToken)
   at Npgsql.Internal.NpgsqlConnector.<Open>g__OpenCore|209_0(NpgsqlConnector conn, String username, SslMode sslMode, GssEncryptionMode gssEncMode, NpgsqlTimeout timeout, Boolean async, CancellationToken cancellationToken)
   at Npgsql.Internal.NpgsqlConnector.Open(NpgsqlTimeout timeout, Boolean async, CancellationToken cancellationToken)
   at Npgsql.PoolingDataSource.OpenNewConnector(NpgsqlConnection conn, NpgsqlTimeout timeout, Boolean async, CancellationToken cancellationToken)
   at Npgsql.PoolingDataSource.<Get>g__RentAsync|33_0(NpgsqlConnection conn, NpgsqlTimeout timeout, Boolean async, CancellationToken cancellationToken)
   at Npgsql.NpgsqlConnection.<Open>g__OpenAsync|42_0(Boolean async, CancellationToken cancellationToken)
   at Microsoft.EntityFrameworkCore.Storage.RelationalConnection.OpenInternalAsync(Boolean errorsExpected, CancellationToken cancellationToken)
   at Microsoft.EntityFrameworkCore.Storage.RelationalConnection.OpenInternalAsync(Boolean errorsExpected, CancellationToken cancellationToken)
   at Microsoft.EntityFrameworkCore.Storage.RelationalConnection.OpenAsync(CancellationToken cancellationToken, Boolean errorsExpected)
   at Microsoft.EntityFrameworkCore.Storage.RelationalCommand.ExecuteReaderAsync(RelationalCommandParameterObject parameterObject, CancellationToken cancellationToken)
   at Microsoft.EntityFrameworkCore.Migrations.HistoryRepository.GetAppliedMigrationsAsync(CancellationToken cancellationToken)
   at Npgsql.EntityFrameworkCore.PostgreSQL.Migrations.Internal.NpgsqlHistoryRepository.GetAppliedMigrationsAsync(CancellationToken cancellationToken)
   at Npgsql.EntityFrameworkCore.PostgreSQL.Migrations.Internal.NpgsqlMigrator.MigrateAsync(String targetMigration, CancellationToken cancellationToken)
   at CulinaryBlog.Infrastructure.Persistence.Seed.DbInitializer.InitializeAsync(IServiceProvider serviceProvider, ILogger logger, CancellationToken cancellationToken) in D:\PTUDWNC-2026-Nhom12\backend\src\CulinaryBlog.Infrastructure\Persistence\Seed\DbInitializer.cs:line 25
   at Program.<Main>$(String[] args) in D:\PTUDWNC-2026-Nhom12\backend\src\CulinaryBlog.Api\Program.cs:line 77
  Exception data:
    Severity: FATAL
    SqlState: 28P01
    MessageText: password authentication failed for user "postgres"
    File: auth.c
    Line: 320
    Routine: auth_failed
2026-10-06 04:32:33.459 +07:00 [FTL] Application terminated unexpectedly
Npgsql.PostgresException (0x80004005): 28P01: password authentication failed for user "postgres"
   at Npgsql.Internal.NpgsqlConnector.ReadMessageLong(Boolean async, DataRowLoadingMode dataRowLoadingMode, Boolean readingNotifications, Boolean isReadingPrependedMessage)
   at System.Runtime.CompilerServices.PoolingAsyncValueTaskMethodBuilder`1.StateMachineBox`1.System.Threading.Tasks.Sources.IValueTaskSource<TResult>.GetResult(Int16 token)
   at Npgsql.Internal.NpgsqlConnector.AuthenticateSASL(List`1 mechanisms, String username, Boolean async, CancellationToken cancellationToken)
   at Npgsql.Internal.NpgsqlConnector.Authenticate(String username, NpgsqlTimeout timeout, Boolean async, CancellationToken cancellationToken)
   at Npgsql.Internal.NpgsqlConnector.<Open>g__OpenCore|209_0(NpgsqlConnector conn, String username, SslMode sslMode, GssEncryptionMode gssEncMode, NpgsqlTimeout timeout, Boolean async, CancellationToken cancellationToken)
   at Npgsql.Internal.NpgsqlConnector.<Open>g__OpenCore|209_0(NpgsqlConnector conn, String username, SslMode sslMode, GssEncryptionMode gssEncMode, NpgsqlTimeout timeout, Boolean async, CancellationToken cancellationToken)
   at Npgsql.Internal.NpgsqlConnector.Open(NpgsqlTimeout timeout, Boolean async, CancellationToken cancellationToken)
   at Npgsql.PoolingDataSource.OpenNewConnector(NpgsqlConnection conn, NpgsqlTimeout timeout, Boolean async, CancellationToken cancellationToken)
   at Npgsql.PoolingDataSource.<Get>g__RentAsync|33_0(NpgsqlConnection conn, NpgsqlTimeout timeout, Boolean async, CancellationToken cancellationToken)
   at Npgsql.NpgsqlConnection.<Open>g__OpenAsync|42_0(Boolean async, CancellationToken cancellationToken)
   at Microsoft.EntityFrameworkCore.Storage.RelationalConnection.OpenInternalAsync(Boolean errorsExpected, CancellationToken cancellationToken)
   at Microsoft.EntityFrameworkCore.Storage.RelationalConnection.OpenInternalAsync(Boolean errorsExpected, CancellationToken cancellationToken)
   at Microsoft.EntityFrameworkCore.Storage.RelationalConnection.OpenAsync(CancellationToken cancellationToken, Boolean errorsExpected)
   at Microsoft.EntityFrameworkCore.Storage.RelationalCommand.ExecuteReaderAsync(RelationalCommandParameterObject parameterObject, CancellationToken cancellationToken)
   at Microsoft.EntityFrameworkCore.Migrations.HistoryRepository.GetAppliedMigrationsAsync(CancellationToken cancellationToken)
   at Npgsql.EntityFrameworkCore.PostgreSQL.Migrations.Internal.NpgsqlHistoryRepository.GetAppliedMigrationsAsync(CancellationToken cancellationToken)
   at Npgsql.EntityFrameworkCore.PostgreSQL.Migrations.Internal.NpgsqlMigrator.MigrateAsync(String targetMigration, CancellationToken cancellationToken)
   at CulinaryBlog.Infrastructure.Persistence.Seed.DbInitializer.InitializeAsync(IServiceProvider serviceProvider, ILogger logger, CancellationToken cancellationToken) in D:\PTUDWNC-2026-Nhom12\backend\src\CulinaryBlog.Infrastructure\Persistence\Seed\DbInitializer.cs:line 25
   at Program.<Main>$(String[] args) in D:\PTUDWNC-2026-Nhom12\backend\src\CulinaryBlog.Api\Program.cs:line 77
  Exception data:
    Severity: FATAL
    SqlState: 28P01
    MessageText: password authentication failed for user "postgres"
    File: auth.c
    Line: 320
    Routine: auth_failed
2026-10-06 04:33:50.152 +07:00 [INF] Starting CulinaryBlog API
2026-10-06 04:33:51.229 +07:00 [INF] Starting database initialization...
2026-10-06 04:33:51.759 +07:00 [WRN] Entity 'Recipe' has a global query filter defined and is the required end of a relationship with the entity 'RecipeImage'. This may lead to unexpected results when the required entity is filtered out. Either configure the navigation as optional, or define matching query filters for both entities in the navigation. See https://go.microsoft.com/fwlink/?linkid=2131316 for more information.
2026-10-06 04:33:51.762 +07:00 [WRN] Entity 'Recipe' has a global query filter defined and is the required end of a relationship with the entity 'RecipeIngredient'. This may lead to unexpected results when the required entity is filtered out. Either configure the navigation as optional, or define matching query filters for both entities in the navigation. See https://go.microsoft.com/fwlink/?linkid=2131316 for more information.
2026-10-06 04:33:51.763 +07:00 [WRN] Entity 'Recipe' has a global query filter defined and is the required end of a relationship with the entity 'RecipeStep'. This may lead to unexpected results when the required entity is filtered out. Either configure the navigation as optional, or define matching query filters for both entities in the navigation. See https://go.microsoft.com/fwlink/?linkid=2131316 for more information.
2026-10-06 04:33:52.103 +07:00 [ERR] An error occurred using the connection to database 'culinaryblog_db' on server 'tcp://127.0.0.1:5432'.
2026-10-06 04:33:52.110 +07:00 [ERR] Database initialization failed.
Npgsql.PostgresException (0x80004005): 28P01: password authentication failed for user "postgres"
   at Npgsql.Internal.NpgsqlConnector.ReadMessageLong(Boolean async, DataRowLoadingMode dataRowLoadingMode, Boolean readingNotifications, Boolean isReadingPrependedMessage)
   at System.Runtime.CompilerServices.PoolingAsyncValueTaskMethodBuilder`1.StateMachineBox`1.System.Threading.Tasks.Sources.IValueTaskSource<TResult>.GetResult(Int16 token)
   at Npgsql.Internal.NpgsqlConnector.AuthenticateSASL(List`1 mechanisms, String username, Boolean async, CancellationToken cancellationToken)
   at Npgsql.Internal.NpgsqlConnector.Authenticate(String username, NpgsqlTimeout timeout, Boolean async, CancellationToken cancellationToken)
   at Npgsql.Internal.NpgsqlConnector.<Open>g__OpenCore|209_0(NpgsqlConnector conn, String username, SslMode sslMode, GssEncryptionMode gssEncMode, NpgsqlTimeout timeout, Boolean async, CancellationToken cancellationToken)
   at Npgsql.Internal.NpgsqlConnector.<Open>g__OpenCore|209_0(NpgsqlConnector conn, String username, SslMode sslMode, GssEncryptionMode gssEncMode, NpgsqlTimeout timeout, Boolean async, CancellationToken cancellationToken)
   at Npgsql.Internal.NpgsqlConnector.Open(NpgsqlTimeout timeout, Boolean async, CancellationToken cancellationToken)
   at Npgsql.PoolingDataSource.OpenNewConnector(NpgsqlConnection conn, NpgsqlTimeout timeout, Boolean async, CancellationToken cancellationToken)
   at Npgsql.PoolingDataSource.<Get>g__RentAsync|33_0(NpgsqlConnection conn, NpgsqlTimeout timeout, Boolean async, CancellationToken cancellationToken)
   at Npgsql.NpgsqlConnection.<Open>g__OpenAsync|42_0(Boolean async, CancellationToken cancellationToken)
   at Microsoft.EntityFrameworkCore.Storage.RelationalConnection.OpenInternalAsync(Boolean errorsExpected, CancellationToken cancellationToken)
   at Microsoft.EntityFrameworkCore.Storage.RelationalConnection.OpenInternalAsync(Boolean errorsExpected, CancellationToken cancellationToken)
   at Microsoft.EntityFrameworkCore.Storage.RelationalConnection.OpenAsync(CancellationToken cancellationToken, Boolean errorsExpected)
   at Microsoft.EntityFrameworkCore.Storage.RelationalCommand.ExecuteReaderAsync(RelationalCommandParameterObject parameterObject, CancellationToken cancellationToken)
   at Microsoft.EntityFrameworkCore.Migrations.HistoryRepository.GetAppliedMigrationsAsync(CancellationToken cancellationToken)
   at Npgsql.EntityFrameworkCore.PostgreSQL.Migrations.Internal.NpgsqlHistoryRepository.GetAppliedMigrationsAsync(CancellationToken cancellationToken)
   at Npgsql.EntityFrameworkCore.PostgreSQL.Migrations.Internal.NpgsqlMigrator.MigrateAsync(String targetMigration, CancellationToken cancellationToken)
   at CulinaryBlog.Infrastructure.Persistence.Seed.DbInitializer.InitializeAsync(IServiceProvider serviceProvider, ILogger logger, CancellationToken cancellationToken) in D:\PTUDWNC-2026-Nhom12\backend\src\CulinaryBlog.Infrastructure\Persistence\Seed\DbInitializer.cs:line 25
   at Program.<Main>$(String[] args) in D:\PTUDWNC-2026-Nhom12\backend\src\CulinaryBlog.Api\Program.cs:line 77
  Exception data:
    Severity: FATAL
    SqlState: 28P01
    MessageText: password authentication failed for user "postgres"
    File: auth.c
    Line: 320
    Routine: auth_failed
2026-10-06 04:33:52.129 +07:00 [FTL] Application terminated unexpectedly
Npgsql.PostgresException (0x80004005): 28P01: password authentication failed for user "postgres"
   at Npgsql.Internal.NpgsqlConnector.ReadMessageLong(Boolean async, DataRowLoadingMode dataRowLoadingMode, Boolean readingNotifications, Boolean isReadingPrependedMessage)
   at System.Runtime.CompilerServices.PoolingAsyncValueTaskMethodBuilder`1.StateMachineBox`1.System.Threading.Tasks.Sources.IValueTaskSource<TResult>.GetResult(Int16 token)
   at Npgsql.Internal.NpgsqlConnector.AuthenticateSASL(List`1 mechanisms, String username, Boolean async, CancellationToken cancellationToken)
   at Npgsql.Internal.NpgsqlConnector.Authenticate(String username, NpgsqlTimeout timeout, Boolean async, CancellationToken cancellationToken)
   at Npgsql.Internal.NpgsqlConnector.<Open>g__OpenCore|209_0(NpgsqlConnector conn, String username, SslMode sslMode, GssEncryptionMode gssEncMode, NpgsqlTimeout timeout, Boolean async, CancellationToken cancellationToken)
   at Npgsql.Internal.NpgsqlConnector.<Open>g__OpenCore|209_0(NpgsqlConnector conn, String username, SslMode sslMode, GssEncryptionMode gssEncMode, NpgsqlTimeout timeout, Boolean async, CancellationToken cancellationToken)
   at Npgsql.Internal.NpgsqlConnector.Open(NpgsqlTimeout timeout, Boolean async, CancellationToken cancellationToken)
   at Npgsql.PoolingDataSource.OpenNewConnector(NpgsqlConnection conn, NpgsqlTimeout timeout, Boolean async, CancellationToken cancellationToken)
   at Npgsql.PoolingDataSource.<Get>g__RentAsync|33_0(NpgsqlConnection conn, NpgsqlTimeout timeout, Boolean async, CancellationToken cancellationToken)
   at Npgsql.NpgsqlConnection.<Open>g__OpenAsync|42_0(Boolean async, CancellationToken cancellationToken)
   at Microsoft.EntityFrameworkCore.Storage.RelationalConnection.OpenInternalAsync(Boolean errorsExpected, CancellationToken cancellationToken)
   at Microsoft.EntityFrameworkCore.Storage.RelationalConnection.OpenInternalAsync(Boolean errorsExpected, CancellationToken cancellationToken)
   at Microsoft.EntityFrameworkCore.Storage.RelationalConnection.OpenAsync(CancellationToken cancellationToken, Boolean errorsExpected)
   at Microsoft.EntityFrameworkCore.Storage.RelationalCommand.ExecuteReaderAsync(RelationalCommandParameterObject parameterObject, CancellationToken cancellationToken)
   at Microsoft.EntityFrameworkCore.Migrations.HistoryRepository.GetAppliedMigrationsAsync(CancellationToken cancellationToken)
   at Npgsql.EntityFrameworkCore.PostgreSQL.Migrations.Internal.NpgsqlHistoryRepository.GetAppliedMigrationsAsync(CancellationToken cancellationToken)
   at Npgsql.EntityFrameworkCore.PostgreSQL.Migrations.Internal.NpgsqlMigrator.MigrateAsync(String targetMigration, CancellationToken cancellationToken)
   at CulinaryBlog.Infrastructure.Persistence.Seed.DbInitializer.InitializeAsync(IServiceProvider serviceProvider, ILogger logger, CancellationToken cancellationToken) in D:\PTUDWNC-2026-Nhom12\backend\src\CulinaryBlog.Infrastructure\Persistence\Seed\DbInitializer.cs:line 25
   at Program.<Main>$(String[] args) in D:\PTUDWNC-2026-Nhom12\backend\src\CulinaryBlog.Api\Program.cs:line 77
  Exception data:
    Severity: FATAL
    SqlState: 28P01
    MessageText: password authentication failed for user "postgres"
    File: auth.c
    Line: 320
    Routine: auth_failed
2026-10-06 04:34:55.047 +07:00 [INF] Starting CulinaryBlog API
2026-10-06 04:34:55.275 +07:00 [INF] Starting database initialization...
2026-10-06 04:34:55.774 +07:00 [WRN] Entity 'Recipe' has a global query filter defined and is the required end of a relationship with the entity 'RecipeImage'. This may lead to unexpected results when the required entity is filtered out. Either configure the navigation as optional, or define matching query filters for both entities in the navigation. See https://go.microsoft.com/fwlink/?linkid=2131316 for more information.
2026-10-06 04:34:55.778 +07:00 [WRN] Entity 'Recipe' has a global query filter defined and is the required end of a relationship with the entity 'RecipeIngredient'. This may lead to unexpected results when the required entity is filtered out. Either configure the navigation as optional, or define matching query filters for both entities in the navigation. See https://go.microsoft.com/fwlink/?linkid=2131316 for more information.
2026-10-06 04:34:55.780 +07:00 [WRN] Entity 'Recipe' has a global query filter defined and is the required end of a relationship with the entity 'RecipeStep'. This may lead to unexpected results when the required entity is filtered out. Either configure the navigation as optional, or define matching query filters for both entities in the navigation. See https://go.microsoft.com/fwlink/?linkid=2131316 for more information.
2026-10-06 04:34:56.088 +07:00 [ERR] An error occurred using the connection to database 'culinaryblog_db' on server 'tcp://127.0.0.1:5432'.
2026-10-06 04:34:56.094 +07:00 [ERR] Database initialization failed.
Npgsql.PostgresException (0x80004005): 28P01: password authentication failed for user "postgres"
   at Npgsql.Internal.NpgsqlConnector.ReadMessageLong(Boolean async, DataRowLoadingMode dataRowLoadingMode, Boolean readingNotifications, Boolean isReadingPrependedMessage)
   at System.Runtime.CompilerServices.PoolingAsyncValueTaskMethodBuilder`1.StateMachineBox`1.System.Threading.Tasks.Sources.IValueTaskSource<TResult>.GetResult(Int16 token)
   at Npgsql.Internal.NpgsqlConnector.AuthenticateSASL(List`1 mechanisms, String username, Boolean async, CancellationToken cancellationToken)
   at Npgsql.Internal.NpgsqlConnector.Authenticate(String username, NpgsqlTimeout timeout, Boolean async, CancellationToken cancellationToken)
   at Npgsql.Internal.NpgsqlConnector.<Open>g__OpenCore|209_0(NpgsqlConnector conn, String username, SslMode sslMode, GssEncryptionMode gssEncMode, NpgsqlTimeout timeout, Boolean async, CancellationToken cancellationToken)
   at Npgsql.Internal.NpgsqlConnector.<Open>g__OpenCore|209_0(NpgsqlConnector conn, String username, SslMode sslMode, GssEncryptionMode gssEncMode, NpgsqlTimeout timeout, Boolean async, CancellationToken cancellationToken)
   at Npgsql.Internal.NpgsqlConnector.Open(NpgsqlTimeout timeout, Boolean async, CancellationToken cancellationToken)
   at Npgsql.PoolingDataSource.OpenNewConnector(NpgsqlConnection conn, NpgsqlTimeout timeout, Boolean async, CancellationToken cancellationToken)
   at Npgsql.PoolingDataSource.<Get>g__RentAsync|33_0(NpgsqlConnection conn, NpgsqlTimeout timeout, Boolean async, CancellationToken cancellationToken)
   at Npgsql.NpgsqlConnection.<Open>g__OpenAsync|42_0(Boolean async, CancellationToken cancellationToken)
   at Microsoft.EntityFrameworkCore.Storage.RelationalConnection.OpenInternalAsync(Boolean errorsExpected, CancellationToken cancellationToken)
   at Microsoft.EntityFrameworkCore.Storage.RelationalConnection.OpenInternalAsync(Boolean errorsExpected, CancellationToken cancellationToken)
   at Microsoft.EntityFrameworkCore.Storage.RelationalConnection.OpenAsync(CancellationToken cancellationToken, Boolean errorsExpected)
   at Microsoft.EntityFrameworkCore.Storage.RelationalCommand.ExecuteReaderAsync(RelationalCommandParameterObject parameterObject, CancellationToken cancellationToken)
   at Microsoft.EntityFrameworkCore.Migrations.HistoryRepository.GetAppliedMigrationsAsync(CancellationToken cancellationToken)
   at Npgsql.EntityFrameworkCore.PostgreSQL.Migrations.Internal.NpgsqlHistoryRepository.GetAppliedMigrationsAsync(CancellationToken cancellationToken)
   at Npgsql.EntityFrameworkCore.PostgreSQL.Migrations.Internal.NpgsqlMigrator.MigrateAsync(String targetMigration, CancellationToken cancellationToken)
   at CulinaryBlog.Infrastructure.Persistence.Seed.DbInitializer.InitializeAsync(IServiceProvider serviceProvider, ILogger logger, CancellationToken cancellationToken) in D:\PTUDWNC-2026-Nhom12\backend\src\CulinaryBlog.Infrastructure\Persistence\Seed\DbInitializer.cs:line 25
   at Program.<Main>$(String[] args) in D:\PTUDWNC-2026-Nhom12\backend\src\CulinaryBlog.Api\Program.cs:line 77
  Exception data:
    Severity: FATAL
    SqlState: 28P01
    MessageText: password authentication failed for user "postgres"
    File: auth.c
    Line: 320
    Routine: auth_failed
2026-10-06 04:34:56.108 +07:00 [FTL] Application terminated unexpectedly
Npgsql.PostgresException (0x80004005): 28P01: password authentication failed for user "postgres"
   at Npgsql.Internal.NpgsqlConnector.ReadMessageLong(Boolean async, DataRowLoadingMode dataRowLoadingMode, Boolean readingNotifications, Boolean isReadingPrependedMessage)
   at System.Runtime.CompilerServices.PoolingAsyncValueTaskMethodBuilder`1.StateMachineBox`1.System.Threading.Tasks.Sources.IValueTaskSource<TResult>.GetResult(Int16 token)
   at Npgsql.Internal.NpgsqlConnector.AuthenticateSASL(List`1 mechanisms, String username, Boolean async, CancellationToken cancellationToken)
   at Npgsql.Internal.NpgsqlConnector.Authenticate(String username, NpgsqlTimeout timeout, Boolean async, CancellationToken cancellationToken)
   at Npgsql.Internal.NpgsqlConnector.<Open>g__OpenCore|209_0(NpgsqlConnector conn, String username, SslMode sslMode, GssEncryptionMode gssEncMode, NpgsqlTimeout timeout, Boolean async, CancellationToken cancellationToken)
   at Npgsql.Internal.NpgsqlConnector.<Open>g__OpenCore|209_0(NpgsqlConnector conn, String username, SslMode sslMode, GssEncryptionMode gssEncMode, NpgsqlTimeout timeout, Boolean async, CancellationToken cancellationToken)
   at Npgsql.Internal.NpgsqlConnector.Open(NpgsqlTimeout timeout, Boolean async, CancellationToken cancellationToken)
   at Npgsql.PoolingDataSource.OpenNewConnector(NpgsqlConnection conn, NpgsqlTimeout timeout, Boolean async, CancellationToken cancellationToken)
   at Npgsql.PoolingDataSource.<Get>g__RentAsync|33_0(NpgsqlConnection conn, NpgsqlTimeout timeout, Boolean async, CancellationToken cancellationToken)
   at Npgsql.NpgsqlConnection.<Open>g__OpenAsync|42_0(Boolean async, CancellationToken cancellationToken)
   at Microsoft.EntityFrameworkCore.Storage.RelationalConnection.OpenInternalAsync(Boolean errorsExpected, CancellationToken cancellationToken)
   at Microsoft.EntityFrameworkCore.Storage.RelationalConnection.OpenInternalAsync(Boolean errorsExpected, CancellationToken cancellationToken)
   at Microsoft.EntityFrameworkCore.Storage.RelationalConnection.OpenAsync(CancellationToken cancellationToken, Boolean errorsExpected)
   at Microsoft.EntityFrameworkCore.Storage.RelationalCommand.ExecuteReaderAsync(RelationalCommandParameterObject parameterObject, CancellationToken cancellationToken)
   at Microsoft.EntityFrameworkCore.Migrations.HistoryRepository.GetAppliedMigrationsAsync(CancellationToken cancellationToken)
   at Npgsql.EntityFrameworkCore.PostgreSQL.Migrations.Internal.NpgsqlHistoryRepository.GetAppliedMigrationsAsync(CancellationToken cancellationToken)
   at Npgsql.EntityFrameworkCore.PostgreSQL.Migrations.Internal.NpgsqlMigrator.MigrateAsync(String targetMigration, CancellationToken cancellationToken)
   at CulinaryBlog.Infrastructure.Persistence.Seed.DbInitializer.InitializeAsync(IServiceProvider serviceProvider, ILogger logger, CancellationToken cancellationToken) in D:\PTUDWNC-2026-Nhom12\backend\src\CulinaryBlog.Infrastructure\Persistence\Seed\DbInitializer.cs:line 25
   at Program.<Main>$(String[] args) in D:\PTUDWNC-2026-Nhom12\backend\src\CulinaryBlog.Api\Program.cs:line 77
  Exception data:
    Severity: FATAL
    SqlState: 28P01
    MessageText: password authentication failed for user "postgres"
    File: auth.c
    Line: 320
    Routine: auth_failed
2026-10-06 04:35:32.536 +07:00 [INF] Starting CulinaryBlog API
2026-10-06 04:35:32.758 +07:00 [INF] Starting database initialization...
2026-10-06 04:35:33.246 +07:00 [WRN] Entity 'Recipe' has a global query filter defined and is the required end of a relationship with the entity 'RecipeImage'. This may lead to unexpected results when the required entity is filtered out. Either configure the navigation as optional, or define matching query filters for both entities in the navigation. See https://go.microsoft.com/fwlink/?linkid=2131316 for more information.
2026-10-06 04:35:33.249 +07:00 [WRN] Entity 'Recipe' has a global query filter defined and is the required end of a relationship with the entity 'RecipeIngredient'. This may lead to unexpected results when the required entity is filtered out. Either configure the navigation as optional, or define matching query filters for both entities in the navigation. See https://go.microsoft.com/fwlink/?linkid=2131316 for more information.
2026-10-06 04:35:33.250 +07:00 [WRN] Entity 'Recipe' has a global query filter defined and is the required end of a relationship with the entity 'RecipeStep'. This may lead to unexpected results when the required entity is filtered out. Either configure the navigation as optional, or define matching query filters for both entities in the navigation. See https://go.microsoft.com/fwlink/?linkid=2131316 for more information.
2026-10-06 04:35:33.584 +07:00 [ERR] Failed executing DbCommand (44ms) [Parameters=[], CommandType='"Text"', CommandTimeout='30']
SELECT "MigrationId", "ProductVersion"
FROM "__EFMigrationsHistory"
ORDER BY "MigrationId";
2026-10-06 04:35:34.225 +07:00 [ERR] Failed executing DbCommand (2ms) [Parameters=[], CommandType='"Text"', CommandTimeout='30']
INSERT INTO "Categories" ("Id", "CreatedAt", "Description", "ImageUrl", "IsDeleted", "Name", "OrderIndex", "RowVersion", "Slug", "UpdatedAt")
VALUES ('10000000-0000-0000-0000-000000000001', TIMESTAMPTZ '2025-01-01T00:00:00Z', 'Các món ăn chính trong bữa cơm Việt', NULL, FALSE, 'Món Chính', 1, BYTEA E'\\x0000000000000000', 'mon-chinh', NULL);
INSERT INTO "Categories" ("Id", "CreatedAt", "Description", "ImageUrl", "IsDeleted", "Name", "OrderIndex", "RowVersion", "Slug", "UpdatedAt")
VALUES ('10000000-0000-0000-0000-000000000002', TIMESTAMPTZ '2025-01-01T00:00:00Z', 'Canh và súp truyền thống', NULL, FALSE, 'Món Canh', 2, BYTEA E'\\x0000000000000000', 'mon-canh', NULL);
INSERT INTO "Categories" ("Id", "CreatedAt", "Description", "ImageUrl", "IsDeleted", "Name", "OrderIndex", "RowVersion", "Slug", "UpdatedAt")
VALUES ('10000000-0000-0000-0000-000000000003', TIMESTAMPTZ '2025-01-01T00:00:00Z', 'Các loại bánh, chè và tráng miệng', NULL, FALSE, 'Món Tráng Miệng', 3, BYTEA E'\\x0000000000000000', 'mon-trang-mieng', NULL);
INSERT INTO "Categories" ("Id", "CreatedAt", "Description", "ImageUrl", "IsDeleted", "Name", "OrderIndex", "RowVersion", "Slug", "UpdatedAt")
VALUES ('10000000-0000-0000-0000-000000000004', TIMESTAMPTZ '2025-01-01T00:00:00Z', 'Nước ép, sinh tố và thức uống', NULL, FALSE, 'Đồ Uống', 4, BYTEA E'\\x0000000000000000', 'do-uong', NULL);
INSERT INTO "Categories" ("Id", "CreatedAt", "Description", "ImageUrl", "IsDeleted", "Name", "OrderIndex", "RowVersion", "Slug", "UpdatedAt")
VALUES ('10000000-0000-0000-0000-000000000005', TIMESTAMPTZ '2025-01-01T00:00:00Z', 'Snack và đồ ăn nhẹ', NULL, FALSE, 'Ăn Vặt', 5, BYTEA E'\\x0000000000000000', 'an-vat', NULL);
2026-10-06 04:35:34.236 +07:00 [ERR] Database initialization failed.
Npgsql.PostgresException (0x80004005): 23505: duplicate key value violates unique constraint "PK_Categories"

DETAIL: Detail redacted as it may contain sensitive data. Specify 'Include Error Detail' in the connection string to include this information.
   at Npgsql.Internal.NpgsqlConnector.ReadMessageLong(Boolean async, DataRowLoadingMode dataRowLoadingMode, Boolean readingNotifications, Boolean isReadingPrependedMessage)
   at System.Runtime.CompilerServices.PoolingAsyncValueTaskMethodBuilder`1.StateMachineBox`1.System.Threading.Tasks.Sources.IValueTaskSource<TResult>.GetResult(Int16 token)
   at Npgsql.NpgsqlDataReader.NextResult(Boolean async, Boolean isConsuming, CancellationToken cancellationToken)
   at Npgsql.NpgsqlDataReader.NextResult(Boolean async, Boolean isConsuming, CancellationToken cancellationToken)
   at Npgsql.NpgsqlCommand.ExecuteReader(Boolean async, CommandBehavior behavior, CancellationToken cancellationToken)
   at Npgsql.NpgsqlCommand.ExecuteReader(Boolean async, CommandBehavior behavior, CancellationToken cancellationToken)
   at Npgsql.NpgsqlCommand.ExecuteNonQuery(Boolean async, CancellationToken cancellationToken)
   at Microsoft.EntityFrameworkCore.Storage.RelationalCommand.ExecuteNonQueryAsync(RelationalCommandParameterObject parameterObject, CancellationToken cancellationToken)
   at Microsoft.EntityFrameworkCore.Storage.RelationalCommand.ExecuteNonQueryAsync(RelationalCommandParameterObject parameterObject, CancellationToken cancellationToken)
   at Microsoft.EntityFrameworkCore.Storage.RelationalCommand.ExecuteNonQueryAsync(RelationalCommandParameterObject parameterObject, CancellationToken cancellationToken)
   at Microsoft.EntityFrameworkCore.Migrations.Internal.MigrationCommandExecutor.ExecuteAsync(IReadOnlyList`1 migrationCommands, IRelationalConnection connection, MigrationExecutionState executionState, Boolean beginTransaction, Boolean commitTransaction, Nullable`1 isolationLevel, CancellationToken cancellationToken)
   at Microsoft.EntityFrameworkCore.Migrations.Internal.MigrationCommandExecutor.ExecuteAsync(IReadOnlyList`1 migrationCommands, IRelationalConnection connection, MigrationExecutionState executionState, Boolean beginTransaction, Boolean commitTransaction, Nullable`1 isolationLevel, CancellationToken cancellationToken)
   at Npgsql.EntityFrameworkCore.PostgreSQL.Storage.Internal.NpgsqlExecutionStrategy.ExecuteAsync[TState,TResult](TState state, Func`4 operation, Func`4 verifySucceeded, CancellationToken cancellationToken)
   at Microsoft.EntityFrameworkCore.Migrations.Internal.MigrationCommandExecutor.ExecuteNonQueryAsync(IReadOnlyList`1 migrationCommands, IRelationalConnection connection, MigrationExecutionState executionState, Boolean commitTransaction, Nullable`1 isolationLevel, CancellationToken cancellationToken)
   at Microsoft.EntityFrameworkCore.Migrations.Internal.Migrator.MigrateImplementationAsync(DbContext context, String targetMigration, MigrationExecutionState state, Boolean useTransaction, CancellationToken cancellationToken)
   at Microsoft.EntityFrameworkCore.Migrations.Internal.Migrator.MigrateImplementationAsync(DbContext context, String targetMigration, MigrationExecutionState state, Boolean useTransaction, CancellationToken cancellationToken)
   at Microsoft.EntityFrameworkCore.Migrations.Internal.Migrator.<>c.<<MigrateAsync>b__22_1>d.MoveNext()
--- End of stack trace from previous location ---
   at Npgsql.EntityFrameworkCore.PostgreSQL.Storage.Internal.NpgsqlExecutionStrategy.ExecuteAsync[TState,TResult](TState state, Func`4 operation, Func`4 verifySucceeded, CancellationToken cancellationToken)
   at Microsoft.EntityFrameworkCore.Migrations.Internal.Migrator.MigrateAsync(String targetMigration, CancellationToken cancellationToken)
   at Microsoft.EntityFrameworkCore.Migrations.Internal.Migrator.MigrateAsync(String targetMigration, CancellationToken cancellationToken)
   at Npgsql.EntityFrameworkCore.PostgreSQL.Migrations.Internal.NpgsqlMigrator.MigrateAsync(String targetMigration, CancellationToken cancellationToken)
   at CulinaryBlog.Infrastructure.Persistence.Seed.DbInitializer.InitializeAsync(IServiceProvider serviceProvider, ILogger logger, CancellationToken cancellationToken) in D:\PTUDWNC-2026-Nhom12\backend\src\CulinaryBlog.Infrastructure\Persistence\Seed\DbInitializer.cs:line 25
   at Program.<Main>$(String[] args) in D:\PTUDWNC-2026-Nhom12\backend\src\CulinaryBlog.Api\Program.cs:line 77
  Exception data:
    Severity: ERROR
    SqlState: 23505
    MessageText: duplicate key value violates unique constraint "PK_Categories"
    Detail: Detail redacted as it may contain sensitive data. Specify 'Include Error Detail' in the connection string to include this information.
    SchemaName: public
    TableName: Categories
    ConstraintName: PK_Categories
    File: nbtinsert.c
    Line: 666
    Routine: _bt_check_unique
2026-10-06 04:35:34.250 +07:00 [FTL] Application terminated unexpectedly
Npgsql.PostgresException (0x80004005): 23505: duplicate key value violates unique constraint "PK_Categories"

DETAIL: Detail redacted as it may contain sensitive data. Specify 'Include Error Detail' in the connection string to include this information.
   at Npgsql.Internal.NpgsqlConnector.ReadMessageLong(Boolean async, DataRowLoadingMode dataRowLoadingMode, Boolean readingNotifications, Boolean isReadingPrependedMessage)
   at System.Runtime.CompilerServices.PoolingAsyncValueTaskMethodBuilder`1.StateMachineBox`1.System.Threading.Tasks.Sources.IValueTaskSource<TResult>.GetResult(Int16 token)
   at Npgsql.NpgsqlDataReader.NextResult(Boolean async, Boolean isConsuming, CancellationToken cancellationToken)
   at Npgsql.NpgsqlDataReader.NextResult(Boolean async, Boolean isConsuming, CancellationToken cancellationToken)
   at Npgsql.NpgsqlCommand.ExecuteReader(Boolean async, CommandBehavior behavior, CancellationToken cancellationToken)
   at Npgsql.NpgsqlCommand.ExecuteReader(Boolean async, CommandBehavior behavior, CancellationToken cancellationToken)
   at Npgsql.NpgsqlCommand.ExecuteNonQuery(Boolean async, CancellationToken cancellationToken)
   at Microsoft.EntityFrameworkCore.Storage.RelationalCommand.ExecuteNonQueryAsync(RelationalCommandParameterObject parameterObject, CancellationToken cancellationToken)
   at Microsoft.EntityFrameworkCore.Storage.RelationalCommand.ExecuteNonQueryAsync(RelationalCommandParameterObject parameterObject, CancellationToken cancellationToken)
   at Microsoft.EntityFrameworkCore.Storage.RelationalCommand.ExecuteNonQueryAsync(RelationalCommandParameterObject parameterObject, CancellationToken cancellationToken)
   at Microsoft.EntityFrameworkCore.Migrations.Internal.MigrationCommandExecutor.ExecuteAsync(IReadOnlyList`1 migrationCommands, IRelationalConnection connection, MigrationExecutionState executionState, Boolean beginTransaction, Boolean commitTransaction, Nullable`1 isolationLevel, CancellationToken cancellationToken)
   at Microsoft.EntityFrameworkCore.Migrations.Internal.MigrationCommandExecutor.ExecuteAsync(IReadOnlyList`1 migrationCommands, IRelationalConnection connection, MigrationExecutionState executionState, Boolean beginTransaction, Boolean commitTransaction, Nullable`1 isolationLevel, CancellationToken cancellationToken)
   at Npgsql.EntityFrameworkCore.PostgreSQL.Storage.Internal.NpgsqlExecutionStrategy.ExecuteAsync[TState,TResult](TState state, Func`4 operation, Func`4 verifySucceeded, CancellationToken cancellationToken)
   at Microsoft.EntityFrameworkCore.Migrations.Internal.MigrationCommandExecutor.ExecuteNonQueryAsync(IReadOnlyList`1 migrationCommands, IRelationalConnection connection, MigrationExecutionState executionState, Boolean commitTransaction, Nullable`1 isolationLevel, CancellationToken cancellationToken)
   at Microsoft.EntityFrameworkCore.Migrations.Internal.Migrator.MigrateImplementationAsync(DbContext context, String targetMigration, MigrationExecutionState state, Boolean useTransaction, CancellationToken cancellationToken)
   at Microsoft.EntityFrameworkCore.Migrations.Internal.Migrator.MigrateImplementationAsync(DbContext context, String targetMigration, MigrationExecutionState state, Boolean useTransaction, CancellationToken cancellationToken)
   at Microsoft.EntityFrameworkCore.Migrations.Internal.Migrator.<>c.<<MigrateAsync>b__22_1>d.MoveNext()
--- End of stack trace from previous location ---
   at Npgsql.EntityFrameworkCore.PostgreSQL.Storage.Internal.NpgsqlExecutionStrategy.ExecuteAsync[TState,TResult](TState state, Func`4 operation, Func`4 verifySucceeded, CancellationToken cancellationToken)
   at Microsoft.EntityFrameworkCore.Migrations.Internal.Migrator.MigrateAsync(String targetMigration, CancellationToken cancellationToken)
   at Microsoft.EntityFrameworkCore.Migrations.Internal.Migrator.MigrateAsync(String targetMigration, CancellationToken cancellationToken)
   at Npgsql.EntityFrameworkCore.PostgreSQL.Migrations.Internal.NpgsqlMigrator.MigrateAsync(String targetMigration, CancellationToken cancellationToken)
   at CulinaryBlog.Infrastructure.Persistence.Seed.DbInitializer.InitializeAsync(IServiceProvider serviceProvider, ILogger logger, CancellationToken cancellationToken) in D:\PTUDWNC-2026-Nhom12\backend\src\CulinaryBlog.Infrastructure\Persistence\Seed\DbInitializer.cs:line 25
   at Program.<Main>$(String[] args) in D:\PTUDWNC-2026-Nhom12\backend\src\CulinaryBlog.Api\Program.cs:line 77
  Exception data:
    Severity: ERROR
    SqlState: 23505
    MessageText: duplicate key value violates unique constraint "PK_Categories"
    Detail: Detail redacted as it may contain sensitive data. Specify 'Include Error Detail' in the connection string to include this information.
    SchemaName: public
    TableName: Categories
    ConstraintName: PK_Categories
    File: nbtinsert.c
    Line: 666
    Routine: _bt_check_unique
2026-10-06 04:36:36.645 +07:00 [INF] Starting CulinaryBlog API
2026-10-06 04:36:36.875 +07:00 [INF] Starting database initialization...
2026-10-06 04:36:37.362 +07:00 [WRN] Entity 'Recipe' has a global query filter defined and is the required end of a relationship with the entity 'RecipeImage'. This may lead to unexpected results when the required entity is filtered out. Either configure the navigation as optional, or define matching query filters for both entities in the navigation. See https://go.microsoft.com/fwlink/?linkid=2131316 for more information.
2026-10-06 04:36:37.365 +07:00 [WRN] Entity 'Recipe' has a global query filter defined and is the required end of a relationship with the entity 'RecipeIngredient'. This may lead to unexpected results when the required entity is filtered out. Either configure the navigation as optional, or define matching query filters for both entities in the navigation. See https://go.microsoft.com/fwlink/?linkid=2131316 for more information.
2026-10-06 04:36:37.366 +07:00 [WRN] Entity 'Recipe' has a global query filter defined and is the required end of a relationship with the entity 'RecipeStep'. This may lead to unexpected results when the required entity is filtered out. Either configure the navigation as optional, or define matching query filters for both entities in the navigation. See https://go.microsoft.com/fwlink/?linkid=2131316 for more information.
2026-10-06 04:36:37.616 +07:00 [ERR] An error occurred using the connection to database 'culinaryblog_db' on server 'tcp://127.0.0.1:5432'.
2026-10-06 04:36:38.379 +07:00 [ERR] Failed executing DbCommand (2ms) [Parameters=[], CommandType='"Text"', CommandTimeout='30']
INSERT INTO "Categories" ("Id", "CreatedAt", "Description", "ImageUrl", "IsDeleted", "Name", "OrderIndex", "RowVersion", "Slug", "UpdatedAt")
VALUES ('10000000-0000-0000-0000-000000000001', TIMESTAMPTZ '2025-01-01T00:00:00Z', 'Các món ăn chính trong bữa cơm Việt', NULL, FALSE, 'Món Chính', 1, BYTEA E'\\x0000000000000000', 'mon-chinh', NULL);
INSERT INTO "Categories" ("Id", "CreatedAt", "Description", "ImageUrl", "IsDeleted", "Name", "OrderIndex", "RowVersion", "Slug", "UpdatedAt")
VALUES ('10000000-0000-0000-0000-000000000002', TIMESTAMPTZ '2025-01-01T00:00:00Z', 'Canh và súp truyền thống', NULL, FALSE, 'Món Canh', 2, BYTEA E'\\x0000000000000000', 'mon-canh', NULL);
INSERT INTO "Categories" ("Id", "CreatedAt", "Description", "ImageUrl", "IsDeleted", "Name", "OrderIndex", "RowVersion", "Slug", "UpdatedAt")
VALUES ('10000000-0000-0000-0000-000000000003', TIMESTAMPTZ '2025-01-01T00:00:00Z', 'Các loại bánh, chè và tráng miệng', NULL, FALSE, 'Món Tráng Miệng', 3, BYTEA E'\\x0000000000000000', 'mon-trang-mieng', NULL);
INSERT INTO "Categories" ("Id", "CreatedAt", "Description", "ImageUrl", "IsDeleted", "Name", "OrderIndex", "RowVersion", "Slug", "UpdatedAt")
VALUES ('10000000-0000-0000-0000-000000000004', TIMESTAMPTZ '2025-01-01T00:00:00Z', 'Nước ép, sinh tố và thức uống', NULL, FALSE, 'Đồ Uống', 4, BYTEA E'\\x0000000000000000', 'do-uong', NULL);
INSERT INTO "Categories" ("Id", "CreatedAt", "Description", "ImageUrl", "IsDeleted", "Name", "OrderIndex", "RowVersion", "Slug", "UpdatedAt")
VALUES ('10000000-0000-0000-0000-000000000005', TIMESTAMPTZ '2025-01-01T00:00:00Z', 'Snack và đồ ăn nhẹ', NULL, FALSE, 'Ăn Vặt', 5, BYTEA E'\\x0000000000000000', 'an-vat', NULL);
2026-10-06 04:36:38.390 +07:00 [ERR] Database initialization failed.
Npgsql.PostgresException (0x80004005): 23505: duplicate key value violates unique constraint "PK_Categories"

DETAIL: Detail redacted as it may contain sensitive data. Specify 'Include Error Detail' in the connection string to include this information.
   at Npgsql.Internal.NpgsqlConnector.ReadMessageLong(Boolean async, DataRowLoadingMode dataRowLoadingMode, Boolean readingNotifications, Boolean isReadingPrependedMessage)
   at System.Runtime.CompilerServices.PoolingAsyncValueTaskMethodBuilder`1.StateMachineBox`1.System.Threading.Tasks.Sources.IValueTaskSource<TResult>.GetResult(Int16 token)
   at Npgsql.NpgsqlDataReader.NextResult(Boolean async, Boolean isConsuming, CancellationToken cancellationToken)
   at Npgsql.NpgsqlDataReader.NextResult(Boolean async, Boolean isConsuming, CancellationToken cancellationToken)
   at Npgsql.NpgsqlCommand.ExecuteReader(Boolean async, CommandBehavior behavior, CancellationToken cancellationToken)
   at Npgsql.NpgsqlCommand.ExecuteReader(Boolean async, CommandBehavior behavior, CancellationToken cancellationToken)
   at Npgsql.NpgsqlCommand.ExecuteNonQuery(Boolean async, CancellationToken cancellationToken)
   at Microsoft.EntityFrameworkCore.Storage.RelationalCommand.ExecuteNonQueryAsync(RelationalCommandParameterObject parameterObject, CancellationToken cancellationToken)
   at Microsoft.EntityFrameworkCore.Storage.RelationalCommand.ExecuteNonQueryAsync(RelationalCommandParameterObject parameterObject, CancellationToken cancellationToken)
   at Microsoft.EntityFrameworkCore.Storage.RelationalCommand.ExecuteNonQueryAsync(RelationalCommandParameterObject parameterObject, CancellationToken cancellationToken)
   at Microsoft.EntityFrameworkCore.Migrations.Internal.MigrationCommandExecutor.ExecuteAsync(IReadOnlyList`1 migrationCommands, IRelationalConnection connection, MigrationExecutionState executionState, Boolean beginTransaction, Boolean commitTransaction, Nullable`1 isolationLevel, CancellationToken cancellationToken)
   at Microsoft.EntityFrameworkCore.Migrations.Internal.MigrationCommandExecutor.ExecuteAsync(IReadOnlyList`1 migrationCommands, IRelationalConnection connection, MigrationExecutionState executionState, Boolean beginTransaction, Boolean commitTransaction, Nullable`1 isolationLevel, CancellationToken cancellationToken)
   at Npgsql.EntityFrameworkCore.PostgreSQL.Storage.Internal.NpgsqlExecutionStrategy.ExecuteAsync[TState,TResult](TState state, Func`4 operation, Func`4 verifySucceeded, CancellationToken cancellationToken)
   at Microsoft.EntityFrameworkCore.Migrations.Internal.MigrationCommandExecutor.ExecuteNonQueryAsync(IReadOnlyList`1 migrationCommands, IRelationalConnection connection, MigrationExecutionState executionState, Boolean commitTransaction, Nullable`1 isolationLevel, CancellationToken cancellationToken)
   at Microsoft.EntityFrameworkCore.Migrations.Internal.Migrator.MigrateImplementationAsync(DbContext context, String targetMigration, MigrationExecutionState state, Boolean useTransaction, CancellationToken cancellationToken)
   at Microsoft.EntityFrameworkCore.Migrations.Internal.Migrator.MigrateImplementationAsync(DbContext context, String targetMigration, MigrationExecutionState state, Boolean useTransaction, CancellationToken cancellationToken)
   at Microsoft.EntityFrameworkCore.Migrations.Internal.Migrator.<>c.<<MigrateAsync>b__22_1>d.MoveNext()
--- End of stack trace from previous location ---
   at Npgsql.EntityFrameworkCore.PostgreSQL.Storage.Internal.NpgsqlExecutionStrategy.ExecuteAsync[TState,TResult](TState state, Func`4 operation, Func`4 verifySucceeded, CancellationToken cancellationToken)
   at Microsoft.EntityFrameworkCore.Migrations.Internal.Migrator.MigrateAsync(String targetMigration, CancellationToken cancellationToken)
   at Microsoft.EntityFrameworkCore.Migrations.Internal.Migrator.MigrateAsync(String targetMigration, CancellationToken cancellationToken)
   at Npgsql.EntityFrameworkCore.PostgreSQL.Migrations.Internal.NpgsqlMigrator.MigrateAsync(String targetMigration, CancellationToken cancellationToken)
   at CulinaryBlog.Infrastructure.Persistence.Seed.DbInitializer.InitializeAsync(IServiceProvider serviceProvider, ILogger logger, CancellationToken cancellationToken) in D:\PTUDWNC-2026-Nhom12\backend\src\CulinaryBlog.Infrastructure\Persistence\Seed\DbInitializer.cs:line 25
   at Program.<Main>$(String[] args) in D:\PTUDWNC-2026-Nhom12\backend\src\CulinaryBlog.Api\Program.cs:line 77
  Exception data:
    Severity: ERROR
    SqlState: 23505
    MessageText: duplicate key value violates unique constraint "PK_Categories"
    Detail: Detail redacted as it may contain sensitive data. Specify 'Include Error Detail' in the connection string to include this information.
    SchemaName: public
    TableName: Categories
    ConstraintName: PK_Categories
    File: nbtinsert.c
    Line: 666
    Routine: _bt_check_unique
2026-10-06 04:36:38.404 +07:00 [FTL] Application terminated unexpectedly
Npgsql.PostgresException (0x80004005): 23505: duplicate key value violates unique constraint "PK_Categories"

DETAIL: Detail redacted as it may contain sensitive data. Specify 'Include Error Detail' in the connection string to include this information.
   at Npgsql.Internal.NpgsqlConnector.ReadMessageLong(Boolean async, DataRowLoadingMode dataRowLoadingMode, Boolean readingNotifications, Boolean isReadingPrependedMessage)
   at System.Runtime.CompilerServices.PoolingAsyncValueTaskMethodBuilder`1.StateMachineBox`1.System.Threading.Tasks.Sources.IValueTaskSource<TResult>.GetResult(Int16 token)
   at Npgsql.NpgsqlDataReader.NextResult(Boolean async, Boolean isConsuming, CancellationToken cancellationToken)
   at Npgsql.NpgsqlDataReader.NextResult(Boolean async, Boolean isConsuming, CancellationToken cancellationToken)
   at Npgsql.NpgsqlCommand.ExecuteReader(Boolean async, CommandBehavior behavior, CancellationToken cancellationToken)
   at Npgsql.NpgsqlCommand.ExecuteReader(Boolean async, CommandBehavior behavior, CancellationToken cancellationToken)
   at Npgsql.NpgsqlCommand.ExecuteNonQuery(Boolean async, CancellationToken cancellationToken)
   at Microsoft.EntityFrameworkCore.Storage.RelationalCommand.ExecuteNonQueryAsync(RelationalCommandParameterObject parameterObject, CancellationToken cancellationToken)
   at Microsoft.EntityFrameworkCore.Storage.RelationalCommand.ExecuteNonQueryAsync(RelationalCommandParameterObject parameterObject, CancellationToken cancellationToken)
   at Microsoft.EntityFrameworkCore.Storage.RelationalCommand.ExecuteNonQueryAsync(RelationalCommandParameterObject parameterObject, CancellationToken cancellationToken)
   at Microsoft.EntityFrameworkCore.Migrations.Internal.MigrationCommandExecutor.ExecuteAsync(IReadOnlyList`1 migrationCommands, IRelationalConnection connection, MigrationExecutionState executionState, Boolean beginTransaction, Boolean commitTransaction, Nullable`1 isolationLevel, CancellationToken cancellationToken)
   at Microsoft.EntityFrameworkCore.Migrations.Internal.MigrationCommandExecutor.ExecuteAsync(IReadOnlyList`1 migrationCommands, IRelationalConnection connection, MigrationExecutionState executionState, Boolean beginTransaction, Boolean commitTransaction, Nullable`1 isolationLevel, CancellationToken cancellationToken)
   at Npgsql.EntityFrameworkCore.PostgreSQL.Storage.Internal.NpgsqlExecutionStrategy.ExecuteAsync[TState,TResult](TState state, Func`4 operation, Func`4 verifySucceeded, CancellationToken cancellationToken)
   at Microsoft.EntityFrameworkCore.Migrations.Internal.MigrationCommandExecutor.ExecuteNonQueryAsync(IReadOnlyList`1 migrationCommands, IRelationalConnection connection, MigrationExecutionState executionState, Boolean commitTransaction, Nullable`1 isolationLevel, CancellationToken cancellationToken)
   at Microsoft.EntityFrameworkCore.Migrations.Internal.Migrator.MigrateImplementationAsync(DbContext context, String targetMigration, MigrationExecutionState state, Boolean useTransaction, CancellationToken cancellationToken)
   at Microsoft.EntityFrameworkCore.Migrations.Internal.Migrator.MigrateImplementationAsync(DbContext context, String targetMigration, MigrationExecutionState state, Boolean useTransaction, CancellationToken cancellationToken)
   at Microsoft.EntityFrameworkCore.Migrations.Internal.Migrator.<>c.<<MigrateAsync>b__22_1>d.MoveNext()
--- End of stack trace from previous location ---
   at Npgsql.EntityFrameworkCore.PostgreSQL.Storage.Internal.NpgsqlExecutionStrategy.ExecuteAsync[TState,TResult](TState state, Func`4 operation, Func`4 verifySucceeded, CancellationToken cancellationToken)
   at Microsoft.EntityFrameworkCore.Migrations.Internal.Migrator.MigrateAsync(String targetMigration, CancellationToken cancellationToken)
   at Microsoft.EntityFrameworkCore.Migrations.Internal.Migrator.MigrateAsync(String targetMigration, CancellationToken cancellationToken)
   at Npgsql.EntityFrameworkCore.PostgreSQL.Migrations.Internal.NpgsqlMigrator.MigrateAsync(String targetMigration, CancellationToken cancellationToken)
   at CulinaryBlog.Infrastructure.Persistence.Seed.DbInitializer.InitializeAsync(IServiceProvider serviceProvider, ILogger logger, CancellationToken cancellationToken) in D:\PTUDWNC-2026-Nhom12\backend\src\CulinaryBlog.Infrastructure\Persistence\Seed\DbInitializer.cs:line 25
   at Program.<Main>$(String[] args) in D:\PTUDWNC-2026-Nhom12\backend\src\CulinaryBlog.Api\Program.cs:line 77
  Exception data:
    Severity: ERROR
    SqlState: 23505
    MessageText: duplicate key value violates unique constraint "PK_Categories"
    Detail: Detail redacted as it may contain sensitive data. Specify 'Include Error Detail' in the connection string to include this information.
    SchemaName: public
    TableName: Categories
    ConstraintName: PK_Categories
    File: nbtinsert.c
    Line: 666
    Routine: _bt_check_unique
2026-10-06 04:40:33.796 +07:00 [INF] Starting CulinaryBlog API
2026-10-06 04:40:34.019 +07:00 [INF] Starting database initialization...
2026-10-06 04:40:34.497 +07:00 [WRN] Entity 'Recipe' has a global query filter defined and is the required end of a relationship with the entity 'RecipeImage'. This may lead to unexpected results when the required entity is filtered out. Either configure the navigation as optional, or define matching query filters for both entities in the navigation. See https://go.microsoft.com/fwlink/?linkid=2131316 for more information.
2026-10-06 04:40:34.500 +07:00 [WRN] Entity 'Recipe' has a global query filter defined and is the required end of a relationship with the entity 'RecipeIngredient'. This may lead to unexpected results when the required entity is filtered out. Either configure the navigation as optional, or define matching query filters for both entities in the navigation. See https://go.microsoft.com/fwlink/?linkid=2131316 for more information.
2026-10-06 04:40:34.501 +07:00 [WRN] Entity 'Recipe' has a global query filter defined and is the required end of a relationship with the entity 'RecipeStep'. This may lead to unexpected results when the required entity is filtered out. Either configure the navigation as optional, or define matching query filters for both entities in the navigation. See https://go.microsoft.com/fwlink/?linkid=2131316 for more information.
2026-10-06 04:40:34.744 +07:00 [ERR] An error occurred using the connection to database 'culinaryblog_db' on server 'tcp://127.0.0.1:5432'.
2026-10-06 04:40:35.212 +07:00 [INF] Database migrations applied.
2026-10-06 04:40:35.238 +07:00 [ERR] Database initialization failed.
System.InvalidOperationException: Cannot create a DbSet for 'IdentityRole<Guid>' because this type is not included in the model for the context.
   at Microsoft.EntityFrameworkCore.Internal.InternalDbSet`1.get_EntityType()
   at Microsoft.EntityFrameworkCore.Internal.InternalDbSet`1.CheckState()
   at Microsoft.EntityFrameworkCore.Internal.InternalDbSet`1.get_EntityQueryable()
   at Microsoft.EntityFrameworkCore.Internal.InternalDbSet`1.System.Linq.IQueryable.get_Provider()
   at Microsoft.EntityFrameworkCore.EntityFrameworkQueryableExtensions.ExecuteAsync[TSource,TResult](MethodInfo operatorMethodInfo, IQueryable`1 source, Expression expression, CancellationToken cancellationToken)
   at Microsoft.EntityFrameworkCore.EntityFrameworkQueryableExtensions.ExecuteAsync[TSource,TResult](MethodInfo operatorMethodInfo, IQueryable`1 source, LambdaExpression expression, CancellationToken cancellationToken)
   at Microsoft.EntityFrameworkCore.EntityFrameworkQueryableExtensions.FirstOrDefaultAsync[TSource](IQueryable`1 source, Expression`1 predicate, CancellationToken cancellationToken)
   at Microsoft.AspNetCore.Identity.EntityFrameworkCore.RoleStore`5.FindByNameAsync(String normalizedName, CancellationToken cancellationToken)
   at Microsoft.AspNetCore.Identity.RoleManager`1.RoleExistsAsync(String roleName)
   at CulinaryBlog.Infrastructure.Persistence.Seed.DbInitializer.SeedRolesAsync(RoleManager`1 roleManager, ILogger logger, CancellationToken cancellationToken) in D:\PTUDWNC-2026-Nhom12\backend\src\CulinaryBlog.Infrastructure\Persistence\Seed\DbInitializer.cs:line 49
   at CulinaryBlog.Infrastructure.Persistence.Seed.DbInitializer.InitializeAsync(IServiceProvider serviceProvider, ILogger logger, CancellationToken cancellationToken) in D:\PTUDWNC-2026-Nhom12\backend\src\CulinaryBlog.Infrastructure\Persistence\Seed\DbInitializer.cs:line 29
   at Program.<Main>$(String[] args) in D:\PTUDWNC-2026-Nhom12\backend\src\CulinaryBlog.Api\Program.cs:line 77
2026-10-06 04:40:35.267 +07:00 [FTL] Application terminated unexpectedly
System.InvalidOperationException: Cannot create a DbSet for 'IdentityRole<Guid>' because this type is not included in the model for the context.
   at Microsoft.EntityFrameworkCore.Internal.InternalDbSet`1.get_EntityType()
   at Microsoft.EntityFrameworkCore.Internal.InternalDbSet`1.CheckState()
   at Microsoft.EntityFrameworkCore.Internal.InternalDbSet`1.get_EntityQueryable()
   at Microsoft.EntityFrameworkCore.Internal.InternalDbSet`1.System.Linq.IQueryable.get_Provider()
   at Microsoft.EntityFrameworkCore.EntityFrameworkQueryableExtensions.ExecuteAsync[TSource,TResult](MethodInfo operatorMethodInfo, IQueryable`1 source, Expression expression, CancellationToken cancellationToken)
   at Microsoft.EntityFrameworkCore.EntityFrameworkQueryableExtensions.ExecuteAsync[TSource,TResult](MethodInfo operatorMethodInfo, IQueryable`1 source, LambdaExpression expression, CancellationToken cancellationToken)
   at Microsoft.EntityFrameworkCore.EntityFrameworkQueryableExtensions.FirstOrDefaultAsync[TSource](IQueryable`1 source, Expression`1 predicate, CancellationToken cancellationToken)
   at Microsoft.AspNetCore.Identity.EntityFrameworkCore.RoleStore`5.FindByNameAsync(String normalizedName, CancellationToken cancellationToken)
   at Microsoft.AspNetCore.Identity.RoleManager`1.RoleExistsAsync(String roleName)
   at CulinaryBlog.Infrastructure.Persistence.Seed.DbInitializer.SeedRolesAsync(RoleManager`1 roleManager, ILogger logger, CancellationToken cancellationToken) in D:\PTUDWNC-2026-Nhom12\backend\src\CulinaryBlog.Infrastructure\Persistence\Seed\DbInitializer.cs:line 49
   at CulinaryBlog.Infrastructure.Persistence.Seed.DbInitializer.InitializeAsync(IServiceProvider serviceProvider, ILogger logger, CancellationToken cancellationToken) in D:\PTUDWNC-2026-Nhom12\backend\src\CulinaryBlog.Infrastructure\Persistence\Seed\DbInitializer.cs:line 29
   at Program.<Main>$(String[] args) in D:\PTUDWNC-2026-Nhom12\backend\src\CulinaryBlog.Api\Program.cs:line 77
2026-10-06 04:41:37.056 +07:00 [INF] Starting CulinaryBlog API
2026-10-06 04:41:37.278 +07:00 [INF] Starting database initialization...
2026-10-06 04:41:37.758 +07:00 [WRN] Entity 'Recipe' has a global query filter defined and is the required end of a relationship with the entity 'RecipeImage'. This may lead to unexpected results when the required entity is filtered out. Either configure the navigation as optional, or define matching query filters for both entities in the navigation. See https://go.microsoft.com/fwlink/?linkid=2131316 for more information.
2026-10-06 04:41:37.760 +07:00 [WRN] Entity 'Recipe' has a global query filter defined and is the required end of a relationship with the entity 'RecipeIngredient'. This may lead to unexpected results when the required entity is filtered out. Either configure the navigation as optional, or define matching query filters for both entities in the navigation. See https://go.microsoft.com/fwlink/?linkid=2131316 for more information.
2026-10-06 04:41:37.762 +07:00 [WRN] Entity 'Recipe' has a global query filter defined and is the required end of a relationship with the entity 'RecipeStep'. This may lead to unexpected results when the required entity is filtered out. Either configure the navigation as optional, or define matching query filters for both entities in the navigation. See https://go.microsoft.com/fwlink/?linkid=2131316 for more information.
2026-10-06 04:41:38.232 +07:00 [INF] Database migrations applied.
2026-10-06 04:41:38.254 +07:00 [ERR] Database initialization failed.
System.InvalidOperationException: Cannot create a DbSet for 'IdentityRole<Guid>' because this type is not included in the model for the context.
   at Microsoft.EntityFrameworkCore.Internal.InternalDbSet`1.get_EntityType()
   at Microsoft.EntityFrameworkCore.Internal.InternalDbSet`1.CheckState()
   at Microsoft.EntityFrameworkCore.Internal.InternalDbSet`1.get_EntityQueryable()
   at Microsoft.EntityFrameworkCore.Internal.InternalDbSet`1.System.Linq.IQueryable.get_Provider()
   at Microsoft.EntityFrameworkCore.EntityFrameworkQueryableExtensions.ExecuteAsync[TSource,TResult](MethodInfo operatorMethodInfo, IQueryable`1 source, Expression expression, CancellationToken cancellationToken)
   at Microsoft.EntityFrameworkCore.EntityFrameworkQueryableExtensions.ExecuteAsync[TSource,TResult](MethodInfo operatorMethodInfo, IQueryable`1 source, LambdaExpression expression, CancellationToken cancellationToken)
   at Microsoft.EntityFrameworkCore.EntityFrameworkQueryableExtensions.FirstOrDefaultAsync[TSource](IQueryable`1 source, Expression`1 predicate, CancellationToken cancellationToken)
   at Microsoft.AspNetCore.Identity.EntityFrameworkCore.RoleStore`5.FindByNameAsync(String normalizedName, CancellationToken cancellationToken)
   at Microsoft.AspNetCore.Identity.RoleManager`1.RoleExistsAsync(String roleName)
   at CulinaryBlog.Infrastructure.Persistence.Seed.DbInitializer.SeedRolesAsync(RoleManager`1 roleManager, ILogger logger, CancellationToken cancellationToken) in D:\PTUDWNC-2026-Nhom12\backend\src\CulinaryBlog.Infrastructure\Persistence\Seed\DbInitializer.cs:line 49
   at CulinaryBlog.Infrastructure.Persistence.Seed.DbInitializer.InitializeAsync(IServiceProvider serviceProvider, ILogger logger, CancellationToken cancellationToken) in D:\PTUDWNC-2026-Nhom12\backend\src\CulinaryBlog.Infrastructure\Persistence\Seed\DbInitializer.cs:line 29
   at Program.<Main>$(String[] args) in D:\PTUDWNC-2026-Nhom12\backend\src\CulinaryBlog.Api\Program.cs:line 77
2026-10-06 04:41:38.262 +07:00 [FTL] Application terminated unexpectedly
System.InvalidOperationException: Cannot create a DbSet for 'IdentityRole<Guid>' because this type is not included in the model for the context.
   at Microsoft.EntityFrameworkCore.Internal.InternalDbSet`1.get_EntityType()
   at Microsoft.EntityFrameworkCore.Internal.InternalDbSet`1.CheckState()
   at Microsoft.EntityFrameworkCore.Internal.InternalDbSet`1.get_EntityQueryable()
   at Microsoft.EntityFrameworkCore.Internal.InternalDbSet`1.System.Linq.IQueryable.get_Provider()
   at Microsoft.EntityFrameworkCore.EntityFrameworkQueryableExtensions.ExecuteAsync[TSource,TResult](MethodInfo operatorMethodInfo, IQueryable`1 source, Expression expression, CancellationToken cancellationToken)
   at Microsoft.EntityFrameworkCore.EntityFrameworkQueryableExtensions.ExecuteAsync[TSource,TResult](MethodInfo operatorMethodInfo, IQueryable`1 source, LambdaExpression expression, CancellationToken cancellationToken)
   at Microsoft.EntityFrameworkCore.EntityFrameworkQueryableExtensions.FirstOrDefaultAsync[TSource](IQueryable`1 source, Expression`1 predicate, CancellationToken cancellationToken)
   at Microsoft.AspNetCore.Identity.EntityFrameworkCore.RoleStore`5.FindByNameAsync(String normalizedName, CancellationToken cancellationToken)
   at Microsoft.AspNetCore.Identity.RoleManager`1.RoleExistsAsync(String roleName)
   at CulinaryBlog.Infrastructure.Persistence.Seed.DbInitializer.SeedRolesAsync(RoleManager`1 roleManager, ILogger logger, CancellationToken cancellationToken) in D:\PTUDWNC-2026-Nhom12\backend\src\CulinaryBlog.Infrastructure\Persistence\Seed\DbInitializer.cs:line 49
   at CulinaryBlog.Infrastructure.Persistence.Seed.DbInitializer.InitializeAsync(IServiceProvider serviceProvider, ILogger logger, CancellationToken cancellationToken) in D:\PTUDWNC-2026-Nhom12\backend\src\CulinaryBlog.Infrastructure\Persistence\Seed\DbInitializer.cs:line 29
   at Program.<Main>$(String[] args) in D:\PTUDWNC-2026-Nhom12\backend\src\CulinaryBlog.Api\Program.cs:line 77
2026-10-06 05:28:59.525 +07:00 [INF] Starting CulinaryBlog API
2026-10-06 05:28:59.745 +07:00 [INF] Starting database initialization...
2026-10-06 05:29:00.221 +07:00 [WRN] Entity 'Recipe' has a global query filter defined and is the required end of a relationship with the entity 'RecipeImage'. This may lead to unexpected results when the required entity is filtered out. Either configure the navigation as optional, or define matching query filters for both entities in the navigation. See https://go.microsoft.com/fwlink/?linkid=2131316 for more information.
2026-10-06 05:29:00.224 +07:00 [WRN] Entity 'Recipe' has a global query filter defined and is the required end of a relationship with the entity 'RecipeIngredient'. This may lead to unexpected results when the required entity is filtered out. Either configure the navigation as optional, or define matching query filters for both entities in the navigation. See https://go.microsoft.com/fwlink/?linkid=2131316 for more information.
2026-10-06 05:29:00.225 +07:00 [WRN] Entity 'Recipe' has a global query filter defined and is the required end of a relationship with the entity 'RecipeStep'. This may lead to unexpected results when the required entity is filtered out. Either configure the navigation as optional, or define matching query filters for both entities in the navigation. See https://go.microsoft.com/fwlink/?linkid=2131316 for more information.
2026-10-06 05:29:00.743 +07:00 [INF] Database migrations applied.
2026-10-06 05:29:01.260 +07:00 [INF] Created admin user: admin@culinaryblog.com
2026-10-06 05:29:01.293 +07:00 [INF] Database initialization completed.
2026-10-06 05:29:01.527 +07:00 [INF] Start installing Hangfire SQL objects...
2026-10-06 05:29:01.974 +07:00 [INF] Hangfire SQL objects installed.
2026-10-06 05:29:02.183 +07:00 [INF] Starting Hangfire Server using job storage: 'PostgreSQL Server: Host: 127.0.0.1, DB: culinaryblog_db, Schema: hangfire'
2026-10-06 05:29:02.183 +07:00 [INF] Using the following options for PostgreSQL job storage:
2026-10-06 05:29:02.184 +07:00 [INF]     Queue poll interval: 00:00:15.
2026-10-06 05:29:02.185 +07:00 [INF]     Invisibility timeout: 00:30:00.
2026-10-06 05:29:02.186 +07:00 [INF]     Use sliding invisibility timeout: False.
2026-10-06 05:29:02.186 +07:00 [INF] Using the following options for Hangfire Server:
    Worker count: 20
    Listening queues: 'default'
    Shutdown timeout: 00:00:15
    Schedule polling interval: 00:00:15
2026-10-06 05:29:02.519 +07:00 [INF] Server quocnv:15452:fb8f11c6 successfully announced in 318,4053 ms
2026-10-06 05:29:02.522 +07:00 [INF] Server quocnv:15452:fb8f11c6 is starting the registered dispatchers: ServerWatchdog, ServerJobCancellationWatcher, ExpirationManager, CountersAggregator, Worker, DelayedJobScheduler, RecurringJobScheduler...
2026-10-06 05:29:02.530 +07:00 [INF] Server quocnv:15452:fb8f11c6 all the dispatchers started
2026-10-06 05:29:12.752 +07:00 [ERR] HTTP POST /api/v1/auth/register responded 500 in 103.6900 ms
System.ArgumentException: IDX10703: Cannot create a 'Microsoft.IdentityModel.Tokens.SymmetricSecurityKey', key length is zero.
   at Microsoft.IdentityModel.Tokens.SymmetricSecurityKey..ctor(Byte[] key)
   at CulinaryBlog.Infrastructure.Authentication.JwtTokenGenerator..ctor(IOptions`1 options) in D:\PTUDWNC-2026-Nhom12\backend\src\CulinaryBlog.Infrastructure\Authentication\JwtTokenGenerator.cs:line 20
   at System.RuntimeMethodHandle.InvokeMethod(ObjectHandleOnStack target, Void** arguments, ObjectHandleOnStack sig, BOOL isConstructor, ObjectHandleOnStack result)
   at System.Reflection.MethodBaseInvoker.InterpretedInvoke_Constructor(Object obj, IntPtr* args)
   at System.Reflection.MethodBaseInvoker.InvokeDirectByRefWithFewArgs(Object obj, Span`1 copyOfArgs, BindingFlags invokeAttr)
   at System.Reflection.RuntimeConstructorInfo.Invoke(BindingFlags invokeAttr, Binder binder, Object[] parameters, CultureInfo culture)
   at Microsoft.Extensions.DependencyInjection.ServiceLookup.CallSiteVisitor`2.VisitCallSiteMain(ServiceCallSite callSite, TArgument argument)
   at Microsoft.Extensions.DependencyInjection.ServiceLookup.CallSiteRuntimeResolver.VisitCache(ServiceCallSite callSite, RuntimeResolverContext context, ServiceProviderEngineScope serviceProviderEngine, RuntimeResolverLock lockType)
   at Microsoft.Extensions.DependencyInjection.ServiceLookup.CallSiteRuntimeResolver.VisitScopeCache(ServiceCallSite callSite, RuntimeResolverContext context)
   at Microsoft.Extensions.DependencyInjection.ServiceLookup.CallSiteVisitor`2.VisitCallSite(ServiceCallSite callSite, TArgument argument)
   at Microsoft.Extensions.DependencyInjection.ServiceLookup.CallSiteVisitor`2.VisitCallSiteMain(ServiceCallSite callSite, TArgument argument)
   at Microsoft.Extensions.DependencyInjection.ServiceLookup.CallSiteRuntimeResolver.VisitCache(ServiceCallSite callSite, RuntimeResolverContext context, ServiceProviderEngineScope serviceProviderEngine, RuntimeResolverLock lockType)
   at Microsoft.Extensions.DependencyInjection.ServiceLookup.CallSiteRuntimeResolver.VisitScopeCache(ServiceCallSite callSite, RuntimeResolverContext context)
   at Microsoft.Extensions.DependencyInjection.ServiceLookup.CallSiteVisitor`2.VisitCallSite(ServiceCallSite callSite, TArgument argument)
   at Microsoft.Extensions.DependencyInjection.ServiceLookup.CallSiteRuntimeResolver.Resolve(ServiceCallSite callSite, ServiceProviderEngineScope scope)
   at Microsoft.Extensions.DependencyInjection.ServiceLookup.DynamicServiceProviderEngine.<>c__DisplayClass2_0.<RealizeService>b__0(ServiceProviderEngineScope scope)
   at Microsoft.Extensions.DependencyInjection.ServiceProvider.GetService(ServiceIdentifier serviceIdentifier, ServiceProviderEngineScope serviceProviderEngineScope)
   at Microsoft.Extensions.DependencyInjection.ServiceLookup.ServiceProviderEngineScope.GetService(Type serviceType)
   at lambda_method311(Closure, IServiceProvider, Object[])
   at Microsoft.AspNetCore.Mvc.Controllers.ControllerFactoryProvider.<>c__DisplayClass6_0.<CreateControllerFactory>g__CreateController|0(ControllerContext controllerContext)
   at Microsoft.AspNetCore.Mvc.Infrastructure.ControllerActionInvoker.Next(State& next, Scope& scope, Object& state, Boolean& isCompleted)
   at Microsoft.AspNetCore.Mvc.Infrastructure.ControllerActionInvoker.InvokeInnerFilterAsync()
--- End of stack trace from previous location ---
   at Microsoft.AspNetCore.Mvc.Infrastructure.ResourceInvoker.<InvokeFilterPipelineAsync>g__Awaited|20_0(ResourceInvoker invoker, Task lastTask, State next, Scope scope, Object state, Boolean isCompleted)
   at Microsoft.AspNetCore.Mvc.Infrastructure.ResourceInvoker.<InvokeAsync>g__Logged|17_1(ResourceInvoker invoker)
   at Microsoft.AspNetCore.Mvc.Infrastructure.ResourceInvoker.<InvokeAsync>g__Logged|17_1(ResourceInvoker invoker)
   at Serilog.AspNetCore.RequestLoggingMiddleware.Invoke(HttpContext httpContext)
2026-10-06 05:29:12.842 +07:00 [ERR] Unhandled exception occurred. TraceId: 0HNP3609NH4NJ:00000002, Path: /api/v1/auth/register
System.ArgumentException: IDX10703: Cannot create a 'Microsoft.IdentityModel.Tokens.SymmetricSecurityKey', key length is zero.
   at Microsoft.IdentityModel.Tokens.SymmetricSecurityKey..ctor(Byte[] key)
   at CulinaryBlog.Infrastructure.Authentication.JwtTokenGenerator..ctor(IOptions`1 options) in D:\PTUDWNC-2026-Nhom12\backend\src\CulinaryBlog.Infrastructure\Authentication\JwtTokenGenerator.cs:line 20
   at System.RuntimeMethodHandle.InvokeMethod(ObjectHandleOnStack target, Void** arguments, ObjectHandleOnStack sig, BOOL isConstructor, ObjectHandleOnStack result)
   at System.Reflection.MethodBaseInvoker.InterpretedInvoke_Constructor(Object obj, IntPtr* args)
   at System.Reflection.MethodBaseInvoker.InvokeDirectByRefWithFewArgs(Object obj, Span`1 copyOfArgs, BindingFlags invokeAttr)
   at System.Reflection.RuntimeConstructorInfo.Invoke(BindingFlags invokeAttr, Binder binder, Object[] parameters, CultureInfo culture)
   at Microsoft.Extensions.DependencyInjection.ServiceLookup.CallSiteVisitor`2.VisitCallSiteMain(ServiceCallSite callSite, TArgument argument)
   at Microsoft.Extensions.DependencyInjection.ServiceLookup.CallSiteRuntimeResolver.VisitCache(ServiceCallSite callSite, RuntimeResolverContext context, ServiceProviderEngineScope serviceProviderEngine, RuntimeResolverLock lockType)
   at Microsoft.Extensions.DependencyInjection.ServiceLookup.CallSiteRuntimeResolver.VisitScopeCache(ServiceCallSite callSite, RuntimeResolverContext context)
   at Microsoft.Extensions.DependencyInjection.ServiceLookup.CallSiteVisitor`2.VisitCallSite(ServiceCallSite callSite, TArgument argument)
   at Microsoft.Extensions.DependencyInjection.ServiceLookup.CallSiteVisitor`2.VisitCallSiteMain(ServiceCallSite callSite, TArgument argument)
   at Microsoft.Extensions.DependencyInjection.ServiceLookup.CallSiteRuntimeResolver.VisitCache(ServiceCallSite callSite, RuntimeResolverContext context, ServiceProviderEngineScope serviceProviderEngine, RuntimeResolverLock lockType)
   at Microsoft.Extensions.DependencyInjection.ServiceLookup.CallSiteRuntimeResolver.VisitScopeCache(ServiceCallSite callSite, RuntimeResolverContext context)
   at Microsoft.Extensions.DependencyInjection.ServiceLookup.CallSiteVisitor`2.VisitCallSite(ServiceCallSite callSite, TArgument argument)
   at Microsoft.Extensions.DependencyInjection.ServiceLookup.CallSiteRuntimeResolver.Resolve(ServiceCallSite callSite, ServiceProviderEngineScope scope)
   at Microsoft.Extensions.DependencyInjection.ServiceLookup.DynamicServiceProviderEngine.<>c__DisplayClass2_0.<RealizeService>b__0(ServiceProviderEngineScope scope)
   at Microsoft.Extensions.DependencyInjection.ServiceProvider.GetService(ServiceIdentifier serviceIdentifier, ServiceProviderEngineScope serviceProviderEngineScope)
   at Microsoft.Extensions.DependencyInjection.ServiceLookup.ServiceProviderEngineScope.GetService(Type serviceType)
   at lambda_method311(Closure, IServiceProvider, Object[])
   at Microsoft.AspNetCore.Mvc.Controllers.ControllerFactoryProvider.<>c__DisplayClass6_0.<CreateControllerFactory>g__CreateController|0(ControllerContext controllerContext)
   at Microsoft.AspNetCore.Mvc.Infrastructure.ControllerActionInvoker.Next(State& next, Scope& scope, Object& state, Boolean& isCompleted)
   at Microsoft.AspNetCore.Mvc.Infrastructure.ControllerActionInvoker.InvokeInnerFilterAsync()
--- End of stack trace from previous location ---
   at Microsoft.AspNetCore.Mvc.Infrastructure.ResourceInvoker.<InvokeFilterPipelineAsync>g__Awaited|20_0(ResourceInvoker invoker, Task lastTask, State next, Scope scope, Object state, Boolean isCompleted)
   at Microsoft.AspNetCore.Mvc.Infrastructure.ResourceInvoker.<InvokeAsync>g__Logged|17_1(ResourceInvoker invoker)
   at Microsoft.AspNetCore.Mvc.Infrastructure.ResourceInvoker.<InvokeAsync>g__Logged|17_1(ResourceInvoker invoker)
   at Serilog.AspNetCore.RequestLoggingMiddleware.Invoke(HttpContext httpContext)
   at Microsoft.AspNetCore.Authorization.AuthorizationMiddleware.Invoke(HttpContext context)
   at Microsoft.AspNetCore.Authentication.AuthenticationMiddleware.Invoke(HttpContext context)
   at CulinaryBlog.Api.Middleware.ExceptionHandlingMiddleware.InvokeAsync(HttpContext context) in D:\PTUDWNC-2026-Nhom12\backend\src\CulinaryBlog.Api\Middleware\ExceptionHandlingMiddleware.cs:line 30
2026-10-06 05:29:14.532 +07:00 [ERR] HTTP POST /api/v1/auth/register responded 500 in 6.8367 ms
System.ArgumentException: IDX10703: Cannot create a 'Microsoft.IdentityModel.Tokens.SymmetricSecurityKey', key length is zero.
   at Microsoft.IdentityModel.Tokens.SymmetricSecurityKey..ctor(Byte[] key)
   at CulinaryBlog.Infrastructure.Authentication.JwtTokenGenerator..ctor(IOptions`1 options) in D:\PTUDWNC-2026-Nhom12\backend\src\CulinaryBlog.Infrastructure\Authentication\JwtTokenGenerator.cs:line 20
   at InvokeStub_JwtTokenGenerator..ctor(Object, Span`1)
   at System.Reflection.RuntimeConstructorInfo.Invoke(BindingFlags invokeAttr, Binder binder, Object[] parameters, CultureInfo culture)
   at Microsoft.Extensions.DependencyInjection.ServiceLookup.CallSiteVisitor`2.VisitCallSiteMain(ServiceCallSite callSite, TArgument argument)
   at Microsoft.Extensions.DependencyInjection.ServiceLookup.CallSiteRuntimeResolver.VisitCache(ServiceCallSite callSite, RuntimeResolverContext context, ServiceProviderEngineScope serviceProviderEngine, RuntimeResolverLock lockType)
   at Microsoft.Extensions.DependencyInjection.ServiceLookup.CallSiteRuntimeResolver.VisitScopeCache(ServiceCallSite callSite, RuntimeResolverContext context)
   at Microsoft.Extensions.DependencyInjection.ServiceLookup.CallSiteVisitor`2.VisitCallSite(ServiceCallSite callSite, TArgument argument)
   at Microsoft.Extensions.DependencyInjection.ServiceLookup.CallSiteVisitor`2.VisitCallSiteMain(ServiceCallSite callSite, TArgument argument)
   at Microsoft.Extensions.DependencyInjection.ServiceLookup.CallSiteRuntimeResolver.VisitCache(ServiceCallSite callSite, RuntimeResolverContext context, ServiceProviderEngineScope serviceProviderEngine, RuntimeResolverLock lockType)
   at Microsoft.Extensions.DependencyInjection.ServiceLookup.CallSiteRuntimeResolver.VisitScopeCache(ServiceCallSite callSite, RuntimeResolverContext context)
   at Microsoft.Extensions.DependencyInjection.ServiceLookup.CallSiteVisitor`2.VisitCallSite(ServiceCallSite callSite, TArgument argument)
   at Microsoft.Extensions.DependencyInjection.ServiceLookup.CallSiteRuntimeResolver.Resolve(ServiceCallSite callSite, ServiceProviderEngineScope scope)
   at Microsoft.Extensions.DependencyInjection.ServiceLookup.DynamicServiceProviderEngine.<>c__DisplayClass2_0.<RealizeService>b__0(ServiceProviderEngineScope scope)
   at Microsoft.Extensions.DependencyInjection.ServiceProvider.GetService(ServiceIdentifier serviceIdentifier, ServiceProviderEngineScope serviceProviderEngineScope)
   at Microsoft.Extensions.DependencyInjection.ServiceLookup.ServiceProviderEngineScope.GetService(Type serviceType)
   at lambda_method311(Closure, IServiceProvider, Object[])
   at Microsoft.AspNetCore.Mvc.Controllers.ControllerFactoryProvider.<>c__DisplayClass6_0.<CreateControllerFactory>g__CreateController|0(ControllerContext controllerContext)
   at Microsoft.AspNetCore.Mvc.Infrastructure.ControllerActionInvoker.Next(State& next, Scope& scope, Object& state, Boolean& isCompleted)
   at Microsoft.AspNetCore.Mvc.Infrastructure.ControllerActionInvoker.InvokeInnerFilterAsync()
--- End of stack trace from previous location ---
   at Microsoft.AspNetCore.Mvc.Infrastructure.ResourceInvoker.<InvokeFilterPipelineAsync>g__Awaited|20_0(ResourceInvoker invoker, Task lastTask, State next, Scope scope, Object state, Boolean isCompleted)
   at Microsoft.AspNetCore.Mvc.Infrastructure.ResourceInvoker.<InvokeAsync>g__Logged|17_1(ResourceInvoker invoker)
   at Microsoft.AspNetCore.Mvc.Infrastructure.ResourceInvoker.<InvokeAsync>g__Logged|17_1(ResourceInvoker invoker)
   at Serilog.AspNetCore.RequestLoggingMiddleware.Invoke(HttpContext httpContext)
2026-10-06 05:29:14.593 +07:00 [ERR] Unhandled exception occurred. TraceId: 0HNP3609NH4NJ:00000003, Path: /api/v1/auth/register
System.ArgumentException: IDX10703: Cannot create a 'Microsoft.IdentityModel.Tokens.SymmetricSecurityKey', key length is zero.
   at Microsoft.IdentityModel.Tokens.SymmetricSecurityKey..ctor(Byte[] key)
   at CulinaryBlog.Infrastructure.Authentication.JwtTokenGenerator..ctor(IOptions`1 options) in D:\PTUDWNC-2026-Nhom12\backend\src\CulinaryBlog.Infrastructure\Authentication\JwtTokenGenerator.cs:line 20
   at InvokeStub_JwtTokenGenerator..ctor(Object, Span`1)
   at System.Reflection.RuntimeConstructorInfo.Invoke(BindingFlags invokeAttr, Binder binder, Object[] parameters, CultureInfo culture)
   at Microsoft.Extensions.DependencyInjection.ServiceLookup.CallSiteVisitor`2.VisitCallSiteMain(ServiceCallSite callSite, TArgument argument)
   at Microsoft.Extensions.DependencyInjection.ServiceLookup.CallSiteRuntimeResolver.VisitCache(ServiceCallSite callSite, RuntimeResolverContext context, ServiceProviderEngineScope serviceProviderEngine, RuntimeResolverLock lockType)
   at Microsoft.Extensions.DependencyInjection.ServiceLookup.CallSiteRuntimeResolver.VisitScopeCache(ServiceCallSite callSite, RuntimeResolverContext context)
   at Microsoft.Extensions.DependencyInjection.ServiceLookup.CallSiteVisitor`2.VisitCallSite(ServiceCallSite callSite, TArgument argument)
   at Microsoft.Extensions.DependencyInjection.ServiceLookup.CallSiteVisitor`2.VisitCallSiteMain(ServiceCallSite callSite, TArgument argument)
   at Microsoft.Extensions.DependencyInjection.ServiceLookup.CallSiteRuntimeResolver.VisitCache(ServiceCallSite callSite, RuntimeResolverContext context, ServiceProviderEngineScope serviceProviderEngine, RuntimeResolverLock lockType)
   at Microsoft.Extensions.DependencyInjection.ServiceLookup.CallSiteRuntimeResolver.VisitScopeCache(ServiceCallSite callSite, RuntimeResolverContext context)
   at Microsoft.Extensions.DependencyInjection.ServiceLookup.CallSiteVisitor`2.VisitCallSite(ServiceCallSite callSite, TArgument argument)
   at Microsoft.Extensions.DependencyInjection.ServiceLookup.CallSiteRuntimeResolver.Resolve(ServiceCallSite callSite, ServiceProviderEngineScope scope)
   at Microsoft.Extensions.DependencyInjection.ServiceLookup.DynamicServiceProviderEngine.<>c__DisplayClass2_0.<RealizeService>b__0(ServiceProviderEngineScope scope)
   at Microsoft.Extensions.DependencyInjection.ServiceProvider.GetService(ServiceIdentifier serviceIdentifier, ServiceProviderEngineScope serviceProviderEngineScope)
   at Microsoft.Extensions.DependencyInjection.ServiceLookup.ServiceProviderEngineScope.GetService(Type serviceType)
   at lambda_method311(Closure, IServiceProvider, Object[])
   at Microsoft.AspNetCore.Mvc.Controllers.ControllerFactoryProvider.<>c__DisplayClass6_0.<CreateControllerFactory>g__CreateController|0(ControllerContext controllerContext)
   at Microsoft.AspNetCore.Mvc.Infrastructure.ControllerActionInvoker.Next(State& next, Scope& scope, Object& state, Boolean& isCompleted)
   at Microsoft.AspNetCore.Mvc.Infrastructure.ControllerActionInvoker.InvokeInnerFilterAsync()
--- End of stack trace from previous location ---
   at Microsoft.AspNetCore.Mvc.Infrastructure.ResourceInvoker.<InvokeFilterPipelineAsync>g__Awaited|20_0(ResourceInvoker invoker, Task lastTask, State next, Scope scope, Object state, Boolean isCompleted)
   at Microsoft.AspNetCore.Mvc.Infrastructure.ResourceInvoker.<InvokeAsync>g__Logged|17_1(ResourceInvoker invoker)
   at Microsoft.AspNetCore.Mvc.Infrastructure.ResourceInvoker.<InvokeAsync>g__Logged|17_1(ResourceInvoker invoker)
   at Serilog.AspNetCore.RequestLoggingMiddleware.Invoke(HttpContext httpContext)
   at Microsoft.AspNetCore.Authorization.AuthorizationMiddleware.Invoke(HttpContext context)
   at Microsoft.AspNetCore.Authentication.AuthenticationMiddleware.Invoke(HttpContext context)
   at CulinaryBlog.Api.Middleware.ExceptionHandlingMiddleware.InvokeAsync(HttpContext context) in D:\PTUDWNC-2026-Nhom12\backend\src\CulinaryBlog.Api\Middleware\ExceptionHandlingMiddleware.cs:line 30
2026-10-06 05:38:34.089 +07:00 [INF] Server quocnv:15452:fb8f11c6 caught stopping signal...
2026-10-06 05:38:34.096 +07:00 [INF] Server quocnv:15452:fb8f11c6 All dispatchers stopped
2026-10-06 05:38:34.110 +07:00 [INF] Server quocnv:15452:fb8f11c6 successfully reported itself as stopped in 11,0337 ms
2026-10-06 05:38:34.112 +07:00 [INF] Server quocnv:15452:fb8f11c6 has been stopped in total 19,3628 ms
2026-10-06 05:38:45.757 +07:00 [INF] Starting CulinaryBlog API
2026-10-06 05:38:46.008 +07:00 [INF] Starting database initialization...
2026-10-06 05:38:46.502 +07:00 [WRN] Entity 'Recipe' has a global query filter defined and is the required end of a relationship with the entity 'RecipeImage'. This may lead to unexpected results when the required entity is filtered out. Either configure the navigation as optional, or define matching query filters for both entities in the navigation. See https://go.microsoft.com/fwlink/?linkid=2131316 for more information.
2026-10-06 05:38:46.505 +07:00 [WRN] Entity 'Recipe' has a global query filter defined and is the required end of a relationship with the entity 'RecipeIngredient'. This may lead to unexpected results when the required entity is filtered out. Either configure the navigation as optional, or define matching query filters for both entities in the navigation. See https://go.microsoft.com/fwlink/?linkid=2131316 for more information.
2026-10-06 05:38:46.506 +07:00 [WRN] Entity 'Recipe' has a global query filter defined and is the required end of a relationship with the entity 'RecipeStep'. This may lead to unexpected results when the required entity is filtered out. Either configure the navigation as optional, or define matching query filters for both entities in the navigation. See https://go.microsoft.com/fwlink/?linkid=2131316 for more information.
2026-10-06 05:38:46.978 +07:00 [INF] Database migrations applied.
2026-10-06 05:38:47.307 +07:00 [INF] Admin user already exists: admin@culinaryblog.com
2026-10-06 05:38:47.337 +07:00 [INF] Database initialization completed.
2026-10-06 05:38:47.364 +07:00 [INF] Start installing Hangfire SQL objects...
2026-10-06 05:38:47.390 +07:00 [INF] Hangfire SQL objects installed.
2026-10-06 05:38:47.576 +07:00 [INF] Starting Hangfire Server using job storage: 'PostgreSQL Server: Host: 127.0.0.1, DB: culinaryblog_db, Schema: hangfire'
2026-10-06 05:38:47.576 +07:00 [INF] Using the following options for PostgreSQL job storage:
2026-10-06 05:38:47.577 +07:00 [INF]     Queue poll interval: 00:00:15.
2026-10-06 05:38:47.577 +07:00 [INF]     Invisibility timeout: 00:30:00.
2026-10-06 05:38:47.578 +07:00 [INF]     Use sliding invisibility timeout: False.
2026-10-06 05:38:47.579 +07:00 [INF] Using the following options for Hangfire Server:
    Worker count: 20
    Listening queues: 'default'
    Shutdown timeout: 00:00:15
    Schedule polling interval: 00:00:15
2026-10-06 05:38:47.670 +07:00 [INF] Server quocnv:8520:14a196d5 successfully announced in 82,4365 ms
2026-10-06 05:38:47.673 +07:00 [INF] Server quocnv:8520:14a196d5 is starting the registered dispatchers: ServerWatchdog, ServerJobCancellationWatcher, ExpirationManager, CountersAggregator, Worker, DelayedJobScheduler, RecurringJobScheduler...
2026-10-06 05:38:47.697 +07:00 [INF] Server quocnv:8520:14a196d5 all the dispatchers started
2026-10-06 05:38:54.056 +07:00 [ERR] HTTP POST /api/v1/auth/register responded 500 in 59.4623 ms
System.ArgumentException: IDX10703: Cannot create a 'Microsoft.IdentityModel.Tokens.SymmetricSecurityKey', key length is zero.
   at Microsoft.IdentityModel.Tokens.SymmetricSecurityKey..ctor(Byte[] key)
   at CulinaryBlog.Infrastructure.Authentication.JwtTokenGenerator..ctor(IOptions`1 options) in D:\PTUDWNC-2026-Nhom12\backend\src\CulinaryBlog.Infrastructure\Authentication\JwtTokenGenerator.cs:line 20
   at System.Reflection.MethodBaseInvoker.InterpretedInvoke_Constructor(Object obj, IntPtr* args)
   at System.Reflection.MethodBaseInvoker.InvokeDirectByRefWithFewArgs(Object obj, Span`1 copyOfArgs, BindingFlags invokeAttr)
   at System.Reflection.MethodBaseInvoker.InvokeWithOneArg(Object obj, BindingFlags invokeAttr, Binder binder, Object[] parameters, CultureInfo culture)
   at System.Reflection.RuntimeConstructorInfo.Invoke(BindingFlags invokeAttr, Binder binder, Object[] parameters, CultureInfo culture)
   at Microsoft.Extensions.DependencyInjection.ServiceLookup.CallSiteRuntimeResolver.VisitConstructor(ConstructorCallSite constructorCallSite, RuntimeResolverContext context)
   at Microsoft.Extensions.DependencyInjection.ServiceLookup.CallSiteRuntimeResolver.VisitCache(ServiceCallSite callSite, RuntimeResolverContext context, ServiceProviderEngineScope serviceProviderEngine, RuntimeResolverLock lockType)
   at Microsoft.Extensions.DependencyInjection.ServiceLookup.CallSiteRuntimeResolver.VisitScopeCache(ServiceCallSite callSite, RuntimeResolverContext context)
   at Microsoft.Extensions.DependencyInjection.ServiceLookup.CallSiteVisitor`2.VisitCallSite(ServiceCallSite callSite, TArgument argument)
   at Microsoft.Extensions.DependencyInjection.ServiceLookup.CallSiteRuntimeResolver.VisitConstructor(ConstructorCallSite constructorCallSite, RuntimeResolverContext context)
   at Microsoft.Extensions.DependencyInjection.ServiceLookup.CallSiteRuntimeResolver.VisitCache(ServiceCallSite callSite, RuntimeResolverContext context, ServiceProviderEngineScope serviceProviderEngine, RuntimeResolverLock lockType)
   at Microsoft.Extensions.DependencyInjection.ServiceLookup.CallSiteRuntimeResolver.VisitScopeCache(ServiceCallSite callSite, RuntimeResolverContext context)
   at Microsoft.Extensions.DependencyInjection.ServiceLookup.CallSiteVisitor`2.VisitCallSite(ServiceCallSite callSite, TArgument argument)
   at Microsoft.Extensions.DependencyInjection.ServiceLookup.CallSiteRuntimeResolver.Resolve(ServiceCallSite callSite, ServiceProviderEngineScope scope)
   at Microsoft.Extensions.DependencyInjection.ServiceLookup.DynamicServiceProviderEngine.<>c__DisplayClass2_0.<RealizeService>b__0(ServiceProviderEngineScope scope)
   at Microsoft.Extensions.DependencyInjection.ServiceProvider.GetService(ServiceIdentifier serviceIdentifier, ServiceProviderEngineScope serviceProviderEngineScope)
   at Microsoft.Extensions.DependencyInjection.ServiceLookup.ServiceProviderEngineScope.GetService(Type serviceType)
   at lambda_method193(Closure, IServiceProvider, Object[])
   at Microsoft.AspNetCore.Mvc.Controllers.ControllerFactoryProvider.<>c__DisplayClass6_0.<CreateControllerFactory>g__CreateController|0(ControllerContext controllerContext)
   at Microsoft.AspNetCore.Mvc.Infrastructure.ControllerActionInvoker.Next(State& next, Scope& scope, Object& state, Boolean& isCompleted)
   at Microsoft.AspNetCore.Mvc.Infrastructure.ControllerActionInvoker.InvokeInnerFilterAsync()
--- End of stack trace from previous location ---
   at Microsoft.AspNetCore.Mvc.Infrastructure.ResourceInvoker.<InvokeFilterPipelineAsync>g__Awaited|20_0(ResourceInvoker invoker, Task lastTask, State next, Scope scope, Object state, Boolean isCompleted)
   at Microsoft.AspNetCore.Mvc.Infrastructure.ResourceInvoker.<InvokeAsync>g__Logged|17_1(ResourceInvoker invoker)
   at Microsoft.AspNetCore.Mvc.Infrastructure.ResourceInvoker.<InvokeAsync>g__Logged|17_1(ResourceInvoker invoker)
   at Serilog.AspNetCore.RequestLoggingMiddleware.Invoke(HttpContext httpContext)
2026-10-06 05:38:54.197 +07:00 [ERR] Unhandled exception occurred. TraceId: 0HNP365NL7NIU:00000002, Path: /api/v1/auth/register
System.ArgumentException: IDX10703: Cannot create a 'Microsoft.IdentityModel.Tokens.SymmetricSecurityKey', key length is zero.
   at Microsoft.IdentityModel.Tokens.SymmetricSecurityKey..ctor(Byte[] key)
   at CulinaryBlog.Infrastructure.Authentication.JwtTokenGenerator..ctor(IOptions`1 options) in D:\PTUDWNC-2026-Nhom12\backend\src\CulinaryBlog.Infrastructure\Authentication\JwtTokenGenerator.cs:line 20
   at System.Reflection.MethodBaseInvoker.InterpretedInvoke_Constructor(Object obj, IntPtr* args)
   at System.Reflection.MethodBaseInvoker.InvokeDirectByRefWithFewArgs(Object obj, Span`1 copyOfArgs, BindingFlags invokeAttr)
   at System.Reflection.MethodBaseInvoker.InvokeWithOneArg(Object obj, BindingFlags invokeAttr, Binder binder, Object[] parameters, CultureInfo culture)
   at System.Reflection.RuntimeConstructorInfo.Invoke(BindingFlags invokeAttr, Binder binder, Object[] parameters, CultureInfo culture)
   at Microsoft.Extensions.DependencyInjection.ServiceLookup.CallSiteRuntimeResolver.VisitConstructor(ConstructorCallSite constructorCallSite, RuntimeResolverContext context)
   at Microsoft.Extensions.DependencyInjection.ServiceLookup.CallSiteRuntimeResolver.VisitCache(ServiceCallSite callSite, RuntimeResolverContext context, ServiceProviderEngineScope serviceProviderEngine, RuntimeResolverLock lockType)
   at Microsoft.Extensions.DependencyInjection.ServiceLookup.CallSiteRuntimeResolver.VisitScopeCache(ServiceCallSite callSite, RuntimeResolverContext context)
   at Microsoft.Extensions.DependencyInjection.ServiceLookup.CallSiteVisitor`2.VisitCallSite(ServiceCallSite callSite, TArgument argument)
   at Microsoft.Extensions.DependencyInjection.ServiceLookup.CallSiteRuntimeResolver.VisitConstructor(ConstructorCallSite constructorCallSite, RuntimeResolverContext context)
   at Microsoft.Extensions.DependencyInjection.ServiceLookup.CallSiteRuntimeResolver.VisitCache(ServiceCallSite callSite, RuntimeResolverContext context, ServiceProviderEngineScope serviceProviderEngine, RuntimeResolverLock lockType)
   at Microsoft.Extensions.DependencyInjection.ServiceLookup.CallSiteRuntimeResolver.VisitScopeCache(ServiceCallSite callSite, RuntimeResolverContext context)
   at Microsoft.Extensions.DependencyInjection.ServiceLookup.CallSiteVisitor`2.VisitCallSite(ServiceCallSite callSite, TArgument argument)
   at Microsoft.Extensions.DependencyInjection.ServiceLookup.CallSiteRuntimeResolver.Resolve(ServiceCallSite callSite, ServiceProviderEngineScope scope)
   at Microsoft.Extensions.DependencyInjection.ServiceLookup.DynamicServiceProviderEngine.<>c__DisplayClass2_0.<RealizeService>b__0(ServiceProviderEngineScope scope)
   at Microsoft.Extensions.DependencyInjection.ServiceProvider.GetService(ServiceIdentifier serviceIdentifier, ServiceProviderEngineScope serviceProviderEngineScope)
   at Microsoft.Extensions.DependencyInjection.ServiceLookup.ServiceProviderEngineScope.GetService(Type serviceType)
   at lambda_method193(Closure, IServiceProvider, Object[])
   at Microsoft.AspNetCore.Mvc.Controllers.ControllerFactoryProvider.<>c__DisplayClass6_0.<CreateControllerFactory>g__CreateController|0(ControllerContext controllerContext)
   at Microsoft.AspNetCore.Mvc.Infrastructure.ControllerActionInvoker.Next(State& next, Scope& scope, Object& state, Boolean& isCompleted)
   at Microsoft.AspNetCore.Mvc.Infrastructure.ControllerActionInvoker.InvokeInnerFilterAsync()
--- End of stack trace from previous location ---
   at Microsoft.AspNetCore.Mvc.Infrastructure.ResourceInvoker.<InvokeFilterPipelineAsync>g__Awaited|20_0(ResourceInvoker invoker, Task lastTask, State next, Scope scope, Object state, Boolean isCompleted)
   at Microsoft.AspNetCore.Mvc.Infrastructure.ResourceInvoker.<InvokeAsync>g__Logged|17_1(ResourceInvoker invoker)
   at Microsoft.AspNetCore.Mvc.Infrastructure.ResourceInvoker.<InvokeAsync>g__Logged|17_1(ResourceInvoker invoker)
   at Serilog.AspNetCore.RequestLoggingMiddleware.Invoke(HttpContext httpContext)
   at Microsoft.AspNetCore.Authorization.AuthorizationMiddleware.Invoke(HttpContext context)
   at Microsoft.AspNetCore.Authentication.AuthenticationMiddleware.Invoke(HttpContext context)
   at CulinaryBlog.Api.Middleware.ExceptionHandlingMiddleware.InvokeAsync(HttpContext context) in D:\PTUDWNC-2026-Nhom12\backend\src\CulinaryBlog.Api\Middleware\ExceptionHandlingMiddleware.cs:line 30
2026-10-06 05:38:55.609 +07:00 [ERR] HTTP POST /api/v1/auth/register responded 500 in 7.5362 ms
System.ArgumentException: IDX10703: Cannot create a 'Microsoft.IdentityModel.Tokens.SymmetricSecurityKey', key length is zero.
   at Microsoft.IdentityModel.Tokens.SymmetricSecurityKey..ctor(Byte[] key)
   at CulinaryBlog.Infrastructure.Authentication.JwtTokenGenerator..ctor(IOptions`1 options) in D:\PTUDWNC-2026-Nhom12\backend\src\CulinaryBlog.Infrastructure\Authentication\JwtTokenGenerator.cs:line 20
   at InvokeStub_JwtTokenGenerator..ctor(Object, Span`1)
   at System.Reflection.MethodBaseInvoker.InvokeWithOneArg(Object obj, BindingFlags invokeAttr, Binder binder, Object[] parameters, CultureInfo culture)
   at System.Reflection.RuntimeConstructorInfo.Invoke(BindingFlags invokeAttr, Binder binder, Object[] parameters, CultureInfo culture)
   at Microsoft.Extensions.DependencyInjection.ServiceLookup.CallSiteRuntimeResolver.VisitConstructor(ConstructorCallSite constructorCallSite, RuntimeResolverContext context)
   at Microsoft.Extensions.DependencyInjection.ServiceLookup.CallSiteRuntimeResolver.VisitCache(ServiceCallSite callSite, RuntimeResolverContext context, ServiceProviderEngineScope serviceProviderEngine, RuntimeResolverLock lockType)
   at Microsoft.Extensions.DependencyInjection.ServiceLookup.CallSiteRuntimeResolver.VisitScopeCache(ServiceCallSite callSite, RuntimeResolverContext context)
   at Microsoft.Extensions.DependencyInjection.ServiceLookup.CallSiteRuntimeResolver.VisitConstructor(ConstructorCallSite constructorCallSite, RuntimeResolverContext context)
   at Microsoft.Extensions.DependencyInjection.ServiceLookup.CallSiteRuntimeResolver.VisitCache(ServiceCallSite callSite, RuntimeResolverContext context, ServiceProviderEngineScope serviceProviderEngine, RuntimeResolverLock lockType)
   at Microsoft.Extensions.DependencyInjection.ServiceLookup.CallSiteRuntimeResolver.VisitScopeCache(ServiceCallSite callSite, RuntimeResolverContext context)
   at Microsoft.Extensions.DependencyInjection.ServiceLookup.CallSiteRuntimeResolver.Resolve(ServiceCallSite callSite, ServiceProviderEngineScope scope)
   at Microsoft.Extensions.DependencyInjection.ServiceLookup.DynamicServiceProviderEngine.<>c__DisplayClass2_0.<RealizeService>b__0(ServiceProviderEngineScope scope)
   at Microsoft.Extensions.DependencyInjection.ServiceProvider.GetService(ServiceIdentifier serviceIdentifier, ServiceProviderEngineScope serviceProviderEngineScope)
   at Microsoft.Extensions.DependencyInjection.ServiceLookup.ServiceProviderEngineScope.GetService(Type serviceType)
   at lambda_method193(Closure, IServiceProvider, Object[])
   at Microsoft.AspNetCore.Mvc.Controllers.ControllerFactoryProvider.<>c__DisplayClass6_0.<CreateControllerFactory>g__CreateController|0(ControllerContext controllerContext)
   at Microsoft.AspNetCore.Mvc.Infrastructure.ControllerActionInvoker.Next(State& next, Scope& scope, Object& state, Boolean& isCompleted)
   at Microsoft.AspNetCore.Mvc.Infrastructure.ControllerActionInvoker.InvokeInnerFilterAsync()
--- End of stack trace from previous location ---
   at Microsoft.AspNetCore.Mvc.Infrastructure.ResourceInvoker.<InvokeFilterPipelineAsync>g__Awaited|20_0(ResourceInvoker invoker, Task lastTask, State next, Scope scope, Object state, Boolean isCompleted)
   at Microsoft.AspNetCore.Mvc.Infrastructure.ResourceInvoker.<InvokeAsync>g__Logged|17_1(ResourceInvoker invoker)
   at Microsoft.AspNetCore.Mvc.Infrastructure.ResourceInvoker.<InvokeAsync>g__Logged|17_1(ResourceInvoker invoker)
   at Serilog.AspNetCore.RequestLoggingMiddleware.Invoke(HttpContext httpContext)
2026-10-06 05:38:55.645 +07:00 [ERR] Unhandled exception occurred. TraceId: 0HNP365NL7NIU:00000003, Path: /api/v1/auth/register
System.ArgumentException: IDX10703: Cannot create a 'Microsoft.IdentityModel.Tokens.SymmetricSecurityKey', key length is zero.
   at Microsoft.IdentityModel.Tokens.SymmetricSecurityKey..ctor(Byte[] key)
   at CulinaryBlog.Infrastructure.Authentication.JwtTokenGenerator..ctor(IOptions`1 options) in D:\PTUDWNC-2026-Nhom12\backend\src\CulinaryBlog.Infrastructure\Authentication\JwtTokenGenerator.cs:line 20
   at InvokeStub_JwtTokenGenerator..ctor(Object, Span`1)
   at System.Reflection.MethodBaseInvoker.InvokeWithOneArg(Object obj, BindingFlags invokeAttr, Binder binder, Object[] parameters, CultureInfo culture)
   at System.Reflection.RuntimeConstructorInfo.Invoke(BindingFlags invokeAttr, Binder binder, Object[] parameters, CultureInfo culture)
   at Microsoft.Extensions.DependencyInjection.ServiceLookup.CallSiteRuntimeResolver.VisitConstructor(ConstructorCallSite constructorCallSite, RuntimeResolverContext context)
   at Microsoft.Extensions.DependencyInjection.ServiceLookup.CallSiteRuntimeResolver.VisitCache(ServiceCallSite callSite, RuntimeResolverContext context, ServiceProviderEngineScope serviceProviderEngine, RuntimeResolverLock lockType)
   at Microsoft.Extensions.DependencyInjection.ServiceLookup.CallSiteRuntimeResolver.VisitScopeCache(ServiceCallSite callSite, RuntimeResolverContext context)
   at Microsoft.Extensions.DependencyInjection.ServiceLookup.CallSiteRuntimeResolver.VisitConstructor(ConstructorCallSite constructorCallSite, RuntimeResolverContext context)
   at Microsoft.Extensions.DependencyInjection.ServiceLookup.CallSiteRuntimeResolver.VisitCache(ServiceCallSite callSite, RuntimeResolverContext context, ServiceProviderEngineScope serviceProviderEngine, RuntimeResolverLock lockType)
   at Microsoft.Extensions.DependencyInjection.ServiceLookup.CallSiteRuntimeResolver.VisitScopeCache(ServiceCallSite callSite, RuntimeResolverContext context)
   at Microsoft.Extensions.DependencyInjection.ServiceLookup.CallSiteRuntimeResolver.Resolve(ServiceCallSite callSite, ServiceProviderEngineScope scope)
   at Microsoft.Extensions.DependencyInjection.ServiceLookup.DynamicServiceProviderEngine.<>c__DisplayClass2_0.<RealizeService>b__0(ServiceProviderEngineScope scope)
   at Microsoft.Extensions.DependencyInjection.ServiceProvider.GetService(ServiceIdentifier serviceIdentifier, ServiceProviderEngineScope serviceProviderEngineScope)
   at Microsoft.Extensions.DependencyInjection.ServiceLookup.ServiceProviderEngineScope.GetService(Type serviceType)
   at lambda_method193(Closure, IServiceProvider, Object[])
   at Microsoft.AspNetCore.Mvc.Controllers.ControllerFactoryProvider.<>c__DisplayClass6_0.<CreateControllerFactory>g__CreateController|0(ControllerContext controllerContext)
   at Microsoft.AspNetCore.Mvc.Infrastructure.ControllerActionInvoker.Next(State& next, Scope& scope, Object& state, Boolean& isCompleted)
   at Microsoft.AspNetCore.Mvc.Infrastructure.ControllerActionInvoker.InvokeInnerFilterAsync()
--- End of stack trace from previous location ---
   at Microsoft.AspNetCore.Mvc.Infrastructure.ResourceInvoker.<InvokeFilterPipelineAsync>g__Awaited|20_0(ResourceInvoker invoker, Task lastTask, State next, Scope scope, Object state, Boolean isCompleted)
   at Microsoft.AspNetCore.Mvc.Infrastructure.ResourceInvoker.<InvokeAsync>g__Logged|17_1(ResourceInvoker invoker)
   at Microsoft.AspNetCore.Mvc.Infrastructure.ResourceInvoker.<InvokeAsync>g__Logged|17_1(ResourceInvoker invoker)
   at Serilog.AspNetCore.RequestLoggingMiddleware.Invoke(HttpContext httpContext)
   at Microsoft.AspNetCore.Authorization.AuthorizationMiddleware.Invoke(HttpContext context)
   at Microsoft.AspNetCore.Authentication.AuthenticationMiddleware.Invoke(HttpContext context)
   at CulinaryBlog.Api.Middleware.ExceptionHandlingMiddleware.InvokeAsync(HttpContext context) in D:\PTUDWNC-2026-Nhom12\backend\src\CulinaryBlog.Api\Middleware\ExceptionHandlingMiddleware.cs:line 30
2026-10-06 05:38:56.536 +07:00 [ERR] HTTP POST /api/v1/auth/register responded 500 in 0.8461 ms
System.ArgumentException: IDX10703: Cannot create a 'Microsoft.IdentityModel.Tokens.SymmetricSecurityKey', key length is zero.
   at Microsoft.IdentityModel.Tokens.SymmetricSecurityKey..ctor(Byte[] key)
   at CulinaryBlog.Infrastructure.Authentication.JwtTokenGenerator..ctor(IOptions`1 options) in D:\PTUDWNC-2026-Nhom12\backend\src\CulinaryBlog.Infrastructure\Authentication\JwtTokenGenerator.cs:line 20
   at InvokeStub_JwtTokenGenerator..ctor(Object, Span`1)
   at System.Reflection.MethodBaseInvoker.InvokeWithOneArg(Object obj, BindingFlags invokeAttr, Binder binder, Object[] parameters, CultureInfo culture)
   at System.Reflection.RuntimeConstructorInfo.Invoke(BindingFlags invokeAttr, Binder binder, Object[] parameters, CultureInfo culture)
   at Microsoft.Extensions.DependencyInjection.ServiceLookup.CallSiteRuntimeResolver.VisitConstructor(ConstructorCallSite constructorCallSite, RuntimeResolverContext context)
   at Microsoft.Extensions.DependencyInjection.ServiceLookup.CallSiteRuntimeResolver.VisitCache(ServiceCallSite callSite, RuntimeResolverContext context, ServiceProviderEngineScope serviceProviderEngine, RuntimeResolverLock lockType)
   at Microsoft.Extensions.DependencyInjection.ServiceLookup.CallSiteRuntimeResolver.VisitScopeCache(ServiceCallSite callSite, RuntimeResolverContext context)
   at Microsoft.Extensions.DependencyInjection.ServiceLookup.CallSiteRuntimeResolver.VisitConstructor(ConstructorCallSite constructorCallSite, RuntimeResolverContext context)
   at Microsoft.Extensions.DependencyInjection.ServiceLookup.CallSiteRuntimeResolver.VisitCache(ServiceCallSite callSite, RuntimeResolverContext context, ServiceProviderEngineScope serviceProviderEngine, RuntimeResolverLock lockType)
   at Microsoft.Extensions.DependencyInjection.ServiceLookup.CallSiteRuntimeResolver.VisitScopeCache(ServiceCallSite callSite, RuntimeResolverContext context)
   at Microsoft.Extensions.DependencyInjection.ServiceLookup.CallSiteRuntimeResolver.Resolve(ServiceCallSite callSite, ServiceProviderEngineScope scope)
   at Microsoft.Extensions.DependencyInjection.ServiceLookup.DynamicServiceProviderEngine.<>c__DisplayClass2_0.<RealizeService>b__0(ServiceProviderEngineScope scope)
   at Microsoft.Extensions.DependencyInjection.ServiceProvider.GetService(ServiceIdentifier serviceIdentifier, ServiceProviderEngineScope serviceProviderEngineScope)
   at Microsoft.Extensions.DependencyInjection.ServiceLookup.ServiceProviderEngineScope.GetService(Type serviceType)
   at lambda_method193(Closure, IServiceProvider, Object[])
   at Microsoft.AspNetCore.Mvc.Controllers.ControllerFactoryProvider.<>c__DisplayClass6_0.<CreateControllerFactory>g__CreateController|0(ControllerContext controllerContext)
   at Microsoft.AspNetCore.Mvc.Infrastructure.ControllerActionInvoker.Next(State& next, Scope& scope, Object& state, Boolean& isCompleted)
   at Microsoft.AspNetCore.Mvc.Infrastructure.ControllerActionInvoker.InvokeInnerFilterAsync()
--- End of stack trace from previous location ---
   at Microsoft.AspNetCore.Mvc.Infrastructure.ResourceInvoker.<InvokeFilterPipelineAsync>g__Awaited|20_0(ResourceInvoker invoker, Task lastTask, State next, Scope scope, Object state, Boolean isCompleted)
   at Microsoft.AspNetCore.Mvc.Infrastructure.ResourceInvoker.<InvokeAsync>g__Logged|17_1(ResourceInvoker invoker)
   at Microsoft.AspNetCore.Mvc.Infrastructure.ResourceInvoker.<InvokeAsync>g__Logged|17_1(ResourceInvoker invoker)
   at Serilog.AspNetCore.RequestLoggingMiddleware.Invoke(HttpContext httpContext)
2026-10-06 05:38:56.570 +07:00 [ERR] Unhandled exception occurred. TraceId: 0HNP365NL7NIU:00000004, Path: /api/v1/auth/register
System.ArgumentException: IDX10703: Cannot create a 'Microsoft.IdentityModel.Tokens.SymmetricSecurityKey', key length is zero.
   at Microsoft.IdentityModel.Tokens.SymmetricSecurityKey..ctor(Byte[] key)
   at CulinaryBlog.Infrastructure.Authentication.JwtTokenGenerator..ctor(IOptions`1 options) in D:\PTUDWNC-2026-Nhom12\backend\src\CulinaryBlog.Infrastructure\Authentication\JwtTokenGenerator.cs:line 20
   at InvokeStub_JwtTokenGenerator..ctor(Object, Span`1)
   at System.Reflection.MethodBaseInvoker.InvokeWithOneArg(Object obj, BindingFlags invokeAttr, Binder binder, Object[] parameters, CultureInfo culture)
   at System.Reflection.RuntimeConstructorInfo.Invoke(BindingFlags invokeAttr, Binder binder, Object[] parameters, CultureInfo culture)
   at Microsoft.Extensions.DependencyInjection.ServiceLookup.CallSiteRuntimeResolver.VisitConstructor(ConstructorCallSite constructorCallSite, RuntimeResolverContext context)
   at Microsoft.Extensions.DependencyInjection.ServiceLookup.CallSiteRuntimeResolver.VisitCache(ServiceCallSite callSite, RuntimeResolverContext context, ServiceProviderEngineScope serviceProviderEngine, RuntimeResolverLock lockType)
   at Microsoft.Extensions.DependencyInjection.ServiceLookup.CallSiteRuntimeResolver.VisitScopeCache(ServiceCallSite callSite, RuntimeResolverContext context)
   at Microsoft.Extensions.DependencyInjection.ServiceLookup.CallSiteRuntimeResolver.VisitConstructor(ConstructorCallSite constructorCallSite, RuntimeResolverContext context)
   at Microsoft.Extensions.DependencyInjection.ServiceLookup.CallSiteRuntimeResolver.VisitCache(ServiceCallSite callSite, RuntimeResolverContext context, ServiceProviderEngineScope serviceProviderEngine, RuntimeResolverLock lockType)
   at Microsoft.Extensions.DependencyInjection.ServiceLookup.CallSiteRuntimeResolver.VisitScopeCache(ServiceCallSite callSite, RuntimeResolverContext context)
   at Microsoft.Extensions.DependencyInjection.ServiceLookup.CallSiteRuntimeResolver.Resolve(ServiceCallSite callSite, ServiceProviderEngineScope scope)
   at Microsoft.Extensions.DependencyInjection.ServiceLookup.DynamicServiceProviderEngine.<>c__DisplayClass2_0.<RealizeService>b__0(ServiceProviderEngineScope scope)
   at Microsoft.Extensions.DependencyInjection.ServiceProvider.GetService(ServiceIdentifier serviceIdentifier, ServiceProviderEngineScope serviceProviderEngineScope)
   at Microsoft.Extensions.DependencyInjection.ServiceLookup.ServiceProviderEngineScope.GetService(Type serviceType)
   at lambda_method193(Closure, IServiceProvider, Object[])
   at Microsoft.AspNetCore.Mvc.Controllers.ControllerFactoryProvider.<>c__DisplayClass6_0.<CreateControllerFactory>g__CreateController|0(ControllerContext controllerContext)
   at Microsoft.AspNetCore.Mvc.Infrastructure.ControllerActionInvoker.Next(State& next, Scope& scope, Object& state, Boolean& isCompleted)
   at Microsoft.AspNetCore.Mvc.Infrastructure.ControllerActionInvoker.InvokeInnerFilterAsync()
--- End of stack trace from previous location ---
   at Microsoft.AspNetCore.Mvc.Infrastructure.ResourceInvoker.<InvokeFilterPipelineAsync>g__Awaited|20_0(ResourceInvoker invoker, Task lastTask, State next, Scope scope, Object state, Boolean isCompleted)
   at Microsoft.AspNetCore.Mvc.Infrastructure.ResourceInvoker.<InvokeAsync>g__Logged|17_1(ResourceInvoker invoker)
   at Microsoft.AspNetCore.Mvc.Infrastructure.ResourceInvoker.<InvokeAsync>g__Logged|17_1(ResourceInvoker invoker)
   at Serilog.AspNetCore.RequestLoggingMiddleware.Invoke(HttpContext httpContext)
   at Microsoft.AspNetCore.Authorization.AuthorizationMiddleware.Invoke(HttpContext context)
   at Microsoft.AspNetCore.Authentication.AuthenticationMiddleware.Invoke(HttpContext context)
   at CulinaryBlog.Api.Middleware.ExceptionHandlingMiddleware.InvokeAsync(HttpContext context) in D:\PTUDWNC-2026-Nhom12\backend\src\CulinaryBlog.Api\Middleware\ExceptionHandlingMiddleware.cs:line 30
2026-10-06 05:38:57.053 +07:00 [ERR] HTTP POST /api/v1/auth/register responded 500 in 0.7790 ms
System.ArgumentException: IDX10703: Cannot create a 'Microsoft.IdentityModel.Tokens.SymmetricSecurityKey', key length is zero.
   at Microsoft.IdentityModel.Tokens.SymmetricSecurityKey..ctor(Byte[] key)
   at CulinaryBlog.Infrastructure.Authentication.JwtTokenGenerator..ctor(IOptions`1 options) in D:\PTUDWNC-2026-Nhom12\backend\src\CulinaryBlog.Infrastructure\Authentication\JwtTokenGenerator.cs:line 20
   at InvokeStub_JwtTokenGenerator..ctor(Object, Span`1)
   at System.Reflection.MethodBaseInvoker.InvokeWithOneArg(Object obj, BindingFlags invokeAttr, Binder binder, Object[] parameters, CultureInfo culture)
   at System.Reflection.RuntimeConstructorInfo.Invoke(BindingFlags invokeAttr, Binder binder, Object[] parameters, CultureInfo culture)
   at Microsoft.Extensions.DependencyInjection.ServiceLookup.CallSiteRuntimeResolver.VisitConstructor(ConstructorCallSite constructorCallSite, RuntimeResolverContext context)
   at Microsoft.Extensions.DependencyInjection.ServiceLookup.CallSiteVisitor`2.VisitCallSite(ServiceCallSite callSite, TArgument argument)
   at Microsoft.Extensions.DependencyInjection.ServiceLookup.CallSiteRuntimeResolver.VisitConstructor(ConstructorCallSite constructorCallSite, RuntimeResolverContext context)
   at Microsoft.Extensions.DependencyInjection.ServiceLookup.CallSiteVisitor`2.VisitCallSite(ServiceCallSite callSite, TArgument argument)
   at Microsoft.Extensions.DependencyInjection.ServiceLookup.CallSiteRuntimeResolver.Resolve(ServiceCallSite callSite, ServiceProviderEngineScope scope)
   at Microsoft.Extensions.DependencyInjection.ServiceLookup.DynamicServiceProviderEngine.<>c__DisplayClass2_0.<RealizeService>b__0(ServiceProviderEngineScope scope)
   at Microsoft.Extensions.DependencyInjection.ServiceProvider.GetService(ServiceIdentifier serviceIdentifier, ServiceProviderEngineScope serviceProviderEngineScope)
   at Microsoft.Extensions.DependencyInjection.ServiceLookup.ServiceProviderEngineScope.GetService(Type serviceType)
   at lambda_method193(Closure, IServiceProvider, Object[])
   at Microsoft.AspNetCore.Mvc.Controllers.ControllerFactoryProvider.<>c__DisplayClass6_0.<CreateControllerFactory>g__CreateController|0(ControllerContext controllerContext)
   at Microsoft.AspNetCore.Mvc.Infrastructure.ControllerActionInvoker.Next(State& next, Scope& scope, Object& state, Boolean& isCompleted)
   at Microsoft.AspNetCore.Mvc.Infrastructure.ControllerActionInvoker.InvokeInnerFilterAsync()
--- End of stack trace from previous location ---
   at Microsoft.AspNetCore.Mvc.Infrastructure.ResourceInvoker.<InvokeFilterPipelineAsync>g__Awaited|20_0(ResourceInvoker invoker, Task lastTask, State next, Scope scope, Object state, Boolean isCompleted)
   at Microsoft.AspNetCore.Mvc.Infrastructure.ResourceInvoker.<InvokeAsync>g__Logged|17_1(ResourceInvoker invoker)
   at Microsoft.AspNetCore.Mvc.Infrastructure.ResourceInvoker.<InvokeAsync>g__Logged|17_1(ResourceInvoker invoker)
   at Serilog.AspNetCore.RequestLoggingMiddleware.Invoke(HttpContext httpContext)
2026-10-06 05:38:57.088 +07:00 [ERR] Unhandled exception occurred. TraceId: 0HNP365NL7NIU:00000005, Path: /api/v1/auth/register
System.ArgumentException: IDX10703: Cannot create a 'Microsoft.IdentityModel.Tokens.SymmetricSecurityKey', key length is zero.
   at Microsoft.IdentityModel.Tokens.SymmetricSecurityKey..ctor(Byte[] key)
   at CulinaryBlog.Infrastructure.Authentication.JwtTokenGenerator..ctor(IOptions`1 options) in D:\PTUDWNC-2026-Nhom12\backend\src\CulinaryBlog.Infrastructure\Authentication\JwtTokenGenerator.cs:line 20
   at InvokeStub_JwtTokenGenerator..ctor(Object, Span`1)
   at System.Reflection.MethodBaseInvoker.InvokeWithOneArg(Object obj, BindingFlags invokeAttr, Binder binder, Object[] parameters, CultureInfo culture)
   at System.Reflection.RuntimeConstructorInfo.Invoke(BindingFlags invokeAttr, Binder binder, Object[] parameters, CultureInfo culture)
   at Microsoft.Extensions.DependencyInjection.ServiceLookup.CallSiteRuntimeResolver.VisitConstructor(ConstructorCallSite constructorCallSite, RuntimeResolverContext context)
   at Microsoft.Extensions.DependencyInjection.ServiceLookup.CallSiteVisitor`2.VisitCallSite(ServiceCallSite callSite, TArgument argument)
   at Microsoft.Extensions.DependencyInjection.ServiceLookup.CallSiteRuntimeResolver.VisitConstructor(ConstructorCallSite constructorCallSite, RuntimeResolverContext context)
   at Microsoft.Extensions.DependencyInjection.ServiceLookup.CallSiteVisitor`2.VisitCallSite(ServiceCallSite callSite, TArgument argument)
   at Microsoft.Extensions.DependencyInjection.ServiceLookup.CallSiteRuntimeResolver.Resolve(ServiceCallSite callSite, ServiceProviderEngineScope scope)
   at Microsoft.Extensions.DependencyInjection.ServiceLookup.DynamicServiceProviderEngine.<>c__DisplayClass2_0.<RealizeService>b__0(ServiceProviderEngineScope scope)
   at Microsoft.Extensions.DependencyInjection.ServiceProvider.GetService(ServiceIdentifier serviceIdentifier, ServiceProviderEngineScope serviceProviderEngineScope)
   at Microsoft.Extensions.DependencyInjection.ServiceLookup.ServiceProviderEngineScope.GetService(Type serviceType)
   at lambda_method193(Closure, IServiceProvider, Object[])
   at Microsoft.AspNetCore.Mvc.Controllers.ControllerFactoryProvider.<>c__DisplayClass6_0.<CreateControllerFactory>g__CreateController|0(ControllerContext controllerContext)
   at Microsoft.AspNetCore.Mvc.Infrastructure.ControllerActionInvoker.Next(State& next, Scope& scope, Object& state, Boolean& isCompleted)
   at Microsoft.AspNetCore.Mvc.Infrastructure.ControllerActionInvoker.InvokeInnerFilterAsync()
--- End of stack trace from previous location ---
   at Microsoft.AspNetCore.Mvc.Infrastructure.ResourceInvoker.<InvokeFilterPipelineAsync>g__Awaited|20_0(ResourceInvoker invoker, Task lastTask, State next, Scope scope, Object state, Boolean isCompleted)
   at Microsoft.AspNetCore.Mvc.Infrastructure.ResourceInvoker.<InvokeAsync>g__Logged|17_1(ResourceInvoker invoker)
   at Microsoft.AspNetCore.Mvc.Infrastructure.ResourceInvoker.<InvokeAsync>g__Logged|17_1(ResourceInvoker invoker)
   at Serilog.AspNetCore.RequestLoggingMiddleware.Invoke(HttpContext httpContext)
   at Microsoft.AspNetCore.Authorization.AuthorizationMiddleware.Invoke(HttpContext context)
   at Microsoft.AspNetCore.Authentication.AuthenticationMiddleware.Invoke(HttpContext context)
   at CulinaryBlog.Api.Middleware.ExceptionHandlingMiddleware.InvokeAsync(HttpContext context) in D:\PTUDWNC-2026-Nhom12\backend\src\CulinaryBlog.Api\Middleware\ExceptionHandlingMiddleware.cs:line 30
2026-10-06 05:38:57.473 +07:00 [ERR] HTTP POST /api/v1/auth/register responded 500 in 0.5793 ms
System.ArgumentException: IDX10703: Cannot create a 'Microsoft.IdentityModel.Tokens.SymmetricSecurityKey', key length is zero.
   at Microsoft.IdentityModel.Tokens.SymmetricSecurityKey..ctor(Byte[] key)
   at CulinaryBlog.Infrastructure.Authentication.JwtTokenGenerator..ctor(IOptions`1 options) in D:\PTUDWNC-2026-Nhom12\backend\src\CulinaryBlog.Infrastructure\Authentication\JwtTokenGenerator.cs:line 20
   at InvokeStub_JwtTokenGenerator..ctor(Object, Span`1)
   at System.Reflection.MethodBaseInvoker.InvokeWithOneArg(Object obj, BindingFlags invokeAttr, Binder binder, Object[] parameters, CultureInfo culture)
   at System.Reflection.RuntimeConstructorInfo.Invoke(BindingFlags invokeAttr, Binder binder, Object[] parameters, CultureInfo culture)
   at Microsoft.Extensions.DependencyInjection.ServiceLookup.CallSiteRuntimeResolver.VisitConstructor(ConstructorCallSite constructorCallSite, RuntimeResolverContext context)
   at Microsoft.Extensions.DependencyInjection.ServiceLookup.CallSiteVisitor`2.VisitCallSite(ServiceCallSite callSite, TArgument argument)
   at Microsoft.Extensions.DependencyInjection.ServiceLookup.CallSiteRuntimeResolver.VisitConstructor(ConstructorCallSite constructorCallSite, RuntimeResolverContext context)
   at Microsoft.Extensions.DependencyInjection.ServiceLookup.CallSiteVisitor`2.VisitCallSite(ServiceCallSite callSite, TArgument argument)
   at Microsoft.Extensions.DependencyInjection.ServiceLookup.CallSiteRuntimeResolver.Resolve(ServiceCallSite callSite, ServiceProviderEngineScope scope)
   at Microsoft.Extensions.DependencyInjection.ServiceLookup.DynamicServiceProviderEngine.<>c__DisplayClass2_0.<RealizeService>b__0(ServiceProviderEngineScope scope)
   at Microsoft.Extensions.DependencyInjection.ServiceProvider.GetService(ServiceIdentifier serviceIdentifier, ServiceProviderEngineScope serviceProviderEngineScope)
   at Microsoft.Extensions.DependencyInjection.ServiceLookup.ServiceProviderEngineScope.GetService(Type serviceType)
   at lambda_method193(Closure, IServiceProvider, Object[])
   at Microsoft.AspNetCore.Mvc.Controllers.ControllerFactoryProvider.<>c__DisplayClass6_0.<CreateControllerFactory>g__CreateController|0(ControllerContext controllerContext)
   at Microsoft.AspNetCore.Mvc.Infrastructure.ControllerActionInvoker.Next(State& next, Scope& scope, Object& state, Boolean& isCompleted)
   at Microsoft.AspNetCore.Mvc.Infrastructure.ControllerActionInvoker.InvokeInnerFilterAsync()
--- End of stack trace from previous location ---
   at Microsoft.AspNetCore.Mvc.Infrastructure.ResourceInvoker.<InvokeFilterPipelineAsync>g__Awaited|20_0(ResourceInvoker invoker, Task lastTask, State next, Scope scope, Object state, Boolean isCompleted)
   at Microsoft.AspNetCore.Mvc.Infrastructure.ResourceInvoker.<InvokeAsync>g__Logged|17_1(ResourceInvoker invoker)
   at Microsoft.AspNetCore.Mvc.Infrastructure.ResourceInvoker.<InvokeAsync>g__Logged|17_1(ResourceInvoker invoker)
   at Serilog.AspNetCore.RequestLoggingMiddleware.Invoke(HttpContext httpContext)
2026-10-06 05:38:57.506 +07:00 [ERR] Unhandled exception occurred. TraceId: 0HNP365NL7NIU:00000006, Path: /api/v1/auth/register
System.ArgumentException: IDX10703: Cannot create a 'Microsoft.IdentityModel.Tokens.SymmetricSecurityKey', key length is zero.
   at Microsoft.IdentityModel.Tokens.SymmetricSecurityKey..ctor(Byte[] key)
   at CulinaryBlog.Infrastructure.Authentication.JwtTokenGenerator..ctor(IOptions`1 options) in D:\PTUDWNC-2026-Nhom12\backend\src\CulinaryBlog.Infrastructure\Authentication\JwtTokenGenerator.cs:line 20
   at InvokeStub_JwtTokenGenerator..ctor(Object, Span`1)
   at System.Reflection.MethodBaseInvoker.InvokeWithOneArg(Object obj, BindingFlags invokeAttr, Binder binder, Object[] parameters, CultureInfo culture)
   at System.Reflection.RuntimeConstructorInfo.Invoke(BindingFlags invokeAttr, Binder binder, Object[] parameters, CultureInfo culture)
   at Microsoft.Extensions.DependencyInjection.ServiceLookup.CallSiteRuntimeResolver.VisitConstructor(ConstructorCallSite constructorCallSite, RuntimeResolverContext context)
   at Microsoft.Extensions.DependencyInjection.ServiceLookup.CallSiteVisitor`2.VisitCallSite(ServiceCallSite callSite, TArgument argument)
   at Microsoft.Extensions.DependencyInjection.ServiceLookup.CallSiteRuntimeResolver.VisitConstructor(ConstructorCallSite constructorCallSite, RuntimeResolverContext context)
   at Microsoft.Extensions.DependencyInjection.ServiceLookup.CallSiteVisitor`2.VisitCallSite(ServiceCallSite callSite, TArgument argument)
   at Microsoft.Extensions.DependencyInjection.ServiceLookup.CallSiteRuntimeResolver.Resolve(ServiceCallSite callSite, ServiceProviderEngineScope scope)
   at Microsoft.Extensions.DependencyInjection.ServiceLookup.DynamicServiceProviderEngine.<>c__DisplayClass2_0.<RealizeService>b__0(ServiceProviderEngineScope scope)
   at Microsoft.Extensions.DependencyInjection.ServiceProvider.GetService(ServiceIdentifier serviceIdentifier, ServiceProviderEngineScope serviceProviderEngineScope)
   at Microsoft.Extensions.DependencyInjection.ServiceLookup.ServiceProviderEngineScope.GetService(Type serviceType)
   at lambda_method193(Closure, IServiceProvider, Object[])
   at Microsoft.AspNetCore.Mvc.Controllers.ControllerFactoryProvider.<>c__DisplayClass6_0.<CreateControllerFactory>g__CreateController|0(ControllerContext controllerContext)
   at Microsoft.AspNetCore.Mvc.Infrastructure.ControllerActionInvoker.Next(State& next, Scope& scope, Object& state, Boolean& isCompleted)
   at Microsoft.AspNetCore.Mvc.Infrastructure.ControllerActionInvoker.InvokeInnerFilterAsync()
--- End of stack trace from previous location ---
   at Microsoft.AspNetCore.Mvc.Infrastructure.ResourceInvoker.<InvokeFilterPipelineAsync>g__Awaited|20_0(ResourceInvoker invoker, Task lastTask, State next, Scope scope, Object state, Boolean isCompleted)
   at Microsoft.AspNetCore.Mvc.Infrastructure.ResourceInvoker.<InvokeAsync>g__Logged|17_1(ResourceInvoker invoker)
   at Microsoft.AspNetCore.Mvc.Infrastructure.ResourceInvoker.<InvokeAsync>g__Logged|17_1(ResourceInvoker invoker)
   at Serilog.AspNetCore.RequestLoggingMiddleware.Invoke(HttpContext httpContext)
   at Microsoft.AspNetCore.Authorization.AuthorizationMiddleware.Invoke(HttpContext context)
   at Microsoft.AspNetCore.Authentication.AuthenticationMiddleware.Invoke(HttpContext context)
   at CulinaryBlog.Api.Middleware.ExceptionHandlingMiddleware.InvokeAsync(HttpContext context) in D:\PTUDWNC-2026-Nhom12\backend\src\CulinaryBlog.Api\Middleware\ExceptionHandlingMiddleware.cs:line 30
2026-10-06 05:38:57.875 +07:00 [ERR] HTTP POST /api/v1/auth/register responded 500 in 0.5590 ms
System.ArgumentException: IDX10703: Cannot create a 'Microsoft.IdentityModel.Tokens.SymmetricSecurityKey', key length is zero.
   at Microsoft.IdentityModel.Tokens.SymmetricSecurityKey..ctor(Byte[] key)
   at CulinaryBlog.Infrastructure.Authentication.JwtTokenGenerator..ctor(IOptions`1 options) in D:\PTUDWNC-2026-Nhom12\backend\src\CulinaryBlog.Infrastructure\Authentication\JwtTokenGenerator.cs:line 20
   at InvokeStub_JwtTokenGenerator..ctor(Object, Span`1)
   at System.Reflection.MethodBaseInvoker.InvokeWithOneArg(Object obj, BindingFlags invokeAttr, Binder binder, Object[] parameters, CultureInfo culture)
   at System.Reflection.RuntimeConstructorInfo.Invoke(BindingFlags invokeAttr, Binder binder, Object[] parameters, CultureInfo culture)
   at Microsoft.Extensions.DependencyInjection.ServiceLookup.CallSiteRuntimeResolver.VisitConstructor(ConstructorCallSite constructorCallSite, RuntimeResolverContext context)
   at Microsoft.Extensions.DependencyInjection.ServiceLookup.CallSiteVisitor`2.VisitCallSite(ServiceCallSite callSite, TArgument argument)
   at Microsoft.Extensions.DependencyInjection.ServiceLookup.CallSiteRuntimeResolver.VisitConstructor(ConstructorCallSite constructorCallSite, RuntimeResolverContext context)
   at Microsoft.Extensions.DependencyInjection.ServiceLookup.CallSiteVisitor`2.VisitCallSite(ServiceCallSite callSite, TArgument argument)
   at Microsoft.Extensions.DependencyInjection.ServiceLookup.CallSiteRuntimeResolver.Resolve(ServiceCallSite callSite, ServiceProviderEngineScope scope)
   at Microsoft.Extensions.DependencyInjection.ServiceLookup.DynamicServiceProviderEngine.<>c__DisplayClass2_0.<RealizeService>b__0(ServiceProviderEngineScope scope)
   at Microsoft.Extensions.DependencyInjection.ServiceProvider.GetService(ServiceIdentifier serviceIdentifier, ServiceProviderEngineScope serviceProviderEngineScope)
   at Microsoft.Extensions.DependencyInjection.ServiceLookup.ServiceProviderEngineScope.GetService(Type serviceType)
   at lambda_method193(Closure, IServiceProvider, Object[])
   at Microsoft.AspNetCore.Mvc.Controllers.ControllerFactoryProvider.<>c__DisplayClass6_0.<CreateControllerFactory>g__CreateController|0(ControllerContext controllerContext)
   at Microsoft.AspNetCore.Mvc.Infrastructure.ControllerActionInvoker.Next(State& next, Scope& scope, Object& state, Boolean& isCompleted)
   at Microsoft.AspNetCore.Mvc.Infrastructure.ControllerActionInvoker.InvokeInnerFilterAsync()
--- End of stack trace from previous location ---
   at Microsoft.AspNetCore.Mvc.Infrastructure.ResourceInvoker.<InvokeFilterPipelineAsync>g__Awaited|20_0(ResourceInvoker invoker, Task lastTask, State next, Scope scope, Object state, Boolean isCompleted)
   at Microsoft.AspNetCore.Mvc.Infrastructure.ResourceInvoker.<InvokeAsync>g__Logged|17_1(ResourceInvoker invoker)
   at Microsoft.AspNetCore.Mvc.Infrastructure.ResourceInvoker.<InvokeAsync>g__Logged|17_1(ResourceInvoker invoker)
   at Serilog.AspNetCore.RequestLoggingMiddleware.Invoke(HttpContext httpContext)
2026-10-06 05:38:57.891 +07:00 [ERR] Unhandled exception occurred. TraceId: 0HNP365NL7NIU:00000007, Path: /api/v1/auth/register
System.ArgumentException: IDX10703: Cannot create a 'Microsoft.IdentityModel.Tokens.SymmetricSecurityKey', key length is zero.
   at Microsoft.IdentityModel.Tokens.SymmetricSecurityKey..ctor(Byte[] key)
   at CulinaryBlog.Infrastructure.Authentication.JwtTokenGenerator..ctor(IOptions`1 options) in D:\PTUDWNC-2026-Nhom12\backend\src\CulinaryBlog.Infrastructure\Authentication\JwtTokenGenerator.cs:line 20
   at InvokeStub_JwtTokenGenerator..ctor(Object, Span`1)
   at System.Reflection.MethodBaseInvoker.InvokeWithOneArg(Object obj, BindingFlags invokeAttr, Binder binder, Object[] parameters, CultureInfo culture)
   at System.Reflection.RuntimeConstructorInfo.Invoke(BindingFlags invokeAttr, Binder binder, Object[] parameters, CultureInfo culture)
   at Microsoft.Extensions.DependencyInjection.ServiceLookup.CallSiteRuntimeResolver.VisitConstructor(ConstructorCallSite constructorCallSite, RuntimeResolverContext context)
   at Microsoft.Extensions.DependencyInjection.ServiceLookup.CallSiteVisitor`2.VisitCallSite(ServiceCallSite callSite, TArgument argument)
   at Microsoft.Extensions.DependencyInjection.ServiceLookup.CallSiteRuntimeResolver.VisitConstructor(ConstructorCallSite constructorCallSite, RuntimeResolverContext context)
   at Microsoft.Extensions.DependencyInjection.ServiceLookup.CallSiteVisitor`2.VisitCallSite(ServiceCallSite callSite, TArgument argument)
   at Microsoft.Extensions.DependencyInjection.ServiceLookup.CallSiteRuntimeResolver.Resolve(ServiceCallSite callSite, ServiceProviderEngineScope scope)
   at Microsoft.Extensions.DependencyInjection.ServiceLookup.DynamicServiceProviderEngine.<>c__DisplayClass2_0.<RealizeService>b__0(ServiceProviderEngineScope scope)
   at Microsoft.Extensions.DependencyInjection.ServiceProvider.GetService(ServiceIdentifier serviceIdentifier, ServiceProviderEngineScope serviceProviderEngineScope)
   at Microsoft.Extensions.DependencyInjection.ServiceLookup.ServiceProviderEngineScope.GetService(Type serviceType)
   at lambda_method193(Closure, IServiceProvider, Object[])
   at Microsoft.AspNetCore.Mvc.Controllers.ControllerFactoryProvider.<>c__DisplayClass6_0.<CreateControllerFactory>g__CreateController|0(ControllerContext controllerContext)
   at Microsoft.AspNetCore.Mvc.Infrastructure.ControllerActionInvoker.Next(State& next, Scope& scope, Object& state, Boolean& isCompleted)
   at Microsoft.AspNetCore.Mvc.Infrastructure.ControllerActionInvoker.InvokeInnerFilterAsync()
--- End of stack trace from previous location ---
   at Microsoft.AspNetCore.Mvc.Infrastructure.ResourceInvoker.<InvokeFilterPipelineAsync>g__Awaited|20_0(ResourceInvoker invoker, Task lastTask, State next, Scope scope, Object state, Boolean isCompleted)
   at Microsoft.AspNetCore.Mvc.Infrastructure.ResourceInvoker.<InvokeAsync>g__Logged|17_1(ResourceInvoker invoker)
   at Microsoft.AspNetCore.Mvc.Infrastructure.ResourceInvoker.<InvokeAsync>g__Logged|17_1(ResourceInvoker invoker)
   at Serilog.AspNetCore.RequestLoggingMiddleware.Invoke(HttpContext httpContext)
   at Microsoft.AspNetCore.Authorization.AuthorizationMiddleware.Invoke(HttpContext context)
   at Microsoft.AspNetCore.Authentication.AuthenticationMiddleware.Invoke(HttpContext context)
   at CulinaryBlog.Api.Middleware.ExceptionHandlingMiddleware.InvokeAsync(HttpContext context) in D:\PTUDWNC-2026-Nhom12\backend\src\CulinaryBlog.Api\Middleware\ExceptionHandlingMiddleware.cs:line 30
2026-10-06 05:38:58.072 +07:00 [ERR] HTTP POST /api/v1/auth/register responded 500 in 0.6090 ms
System.ArgumentException: IDX10703: Cannot create a 'Microsoft.IdentityModel.Tokens.SymmetricSecurityKey', key length is zero.
   at Microsoft.IdentityModel.Tokens.SymmetricSecurityKey..ctor(Byte[] key)
   at CulinaryBlog.Infrastructure.Authentication.JwtTokenGenerator..ctor(IOptions`1 options) in D:\PTUDWNC-2026-Nhom12\backend\src\CulinaryBlog.Infrastructure\Authentication\JwtTokenGenerator.cs:line 20
   at InvokeStub_JwtTokenGenerator..ctor(Object, Span`1)
   at System.Reflection.MethodBaseInvoker.InvokeWithOneArg(Object obj, BindingFlags invokeAttr, Binder binder, Object[] parameters, CultureInfo culture)
   at System.Reflection.RuntimeConstructorInfo.Invoke(BindingFlags invokeAttr, Binder binder, Object[] parameters, CultureInfo culture)
   at Microsoft.Extensions.DependencyInjection.ServiceLookup.CallSiteVisitor`2.VisitCallSiteMain(ServiceCallSite callSite, TArgument argument)
   at Microsoft.Extensions.DependencyInjection.ServiceLookup.CallSiteVisitor`2.VisitCallSite(ServiceCallSite callSite, TArgument argument)
   at Microsoft.Extensions.DependencyInjection.ServiceLookup.CallSiteVisitor`2.VisitCallSiteMain(ServiceCallSite callSite, TArgument argument)
   at Microsoft.Extensions.DependencyInjection.ServiceLookup.CallSiteVisitor`2.VisitCallSite(ServiceCallSite callSite, TArgument argument)
   at Microsoft.Extensions.DependencyInjection.ServiceLookup.CallSiteRuntimeResolver.Resolve(ServiceCallSite callSite, ServiceProviderEngineScope scope)
   at Microsoft.Extensions.DependencyInjection.ServiceLookup.DynamicServiceProviderEngine.<>c__DisplayClass2_0.<RealizeService>b__0(ServiceProviderEngineScope scope)
   at Microsoft.Extensions.DependencyInjection.ServiceProvider.GetService(ServiceIdentifier serviceIdentifier, ServiceProviderEngineScope serviceProviderEngineScope)
   at Microsoft.Extensions.DependencyInjection.ServiceLookup.ServiceProviderEngineScope.GetService(Type serviceType)
   at lambda_method193(Closure, IServiceProvider, Object[])
   at Microsoft.AspNetCore.Mvc.Controllers.ControllerFactoryProvider.<>c__DisplayClass6_0.<CreateControllerFactory>g__CreateController|0(ControllerContext controllerContext)
   at Microsoft.AspNetCore.Mvc.Infrastructure.ControllerActionInvoker.Next(State& next, Scope& scope, Object& state, Boolean& isCompleted)
   at Microsoft.AspNetCore.Mvc.Infrastructure.ControllerActionInvoker.InvokeInnerFilterAsync()
--- End of stack trace from previous location ---
   at Microsoft.AspNetCore.Mvc.Infrastructure.ResourceInvoker.<InvokeFilterPipelineAsync>g__Awaited|20_0(ResourceInvoker invoker, Task lastTask, State next, Scope scope, Object state, Boolean isCompleted)
   at Microsoft.AspNetCore.Mvc.Infrastructure.ResourceInvoker.<InvokeAsync>g__Logged|17_1(ResourceInvoker invoker)
   at Microsoft.AspNetCore.Mvc.Infrastructure.ResourceInvoker.<InvokeAsync>g__Logged|17_1(ResourceInvoker invoker)
   at Serilog.AspNetCore.RequestLoggingMiddleware.Invoke(HttpContext httpContext)
2026-10-06 05:38:58.102 +07:00 [ERR] Unhandled exception occurred. TraceId: 0HNP365NL7NIU:00000008, Path: /api/v1/auth/register
System.ArgumentException: IDX10703: Cannot create a 'Microsoft.IdentityModel.Tokens.SymmetricSecurityKey', key length is zero.
   at Microsoft.IdentityModel.Tokens.SymmetricSecurityKey..ctor(Byte[] key)
   at CulinaryBlog.Infrastructure.Authentication.JwtTokenGenerator..ctor(IOptions`1 options) in D:\PTUDWNC-2026-Nhom12\backend\src\CulinaryBlog.Infrastructure\Authentication\JwtTokenGenerator.cs:line 20
   at InvokeStub_JwtTokenGenerator..ctor(Object, Span`1)
   at System.Reflection.MethodBaseInvoker.InvokeWithOneArg(Object obj, BindingFlags invokeAttr, Binder binder, Object[] parameters, CultureInfo culture)
   at System.Reflection.RuntimeConstructorInfo.Invoke(BindingFlags invokeAttr, Binder binder, Object[] parameters, CultureInfo culture)
   at Microsoft.Extensions.DependencyInjection.ServiceLookup.CallSiteVisitor`2.VisitCallSiteMain(ServiceCallSite callSite, TArgument argument)
   at Microsoft.Extensions.DependencyInjection.ServiceLookup.CallSiteVisitor`2.VisitCallSite(ServiceCallSite callSite, TArgument argument)
   at Microsoft.Extensions.DependencyInjection.ServiceLookup.CallSiteVisitor`2.VisitCallSiteMain(ServiceCallSite callSite, TArgument argument)
   at Microsoft.Extensions.DependencyInjection.ServiceLookup.CallSiteVisitor`2.VisitCallSite(ServiceCallSite callSite, TArgument argument)
   at Microsoft.Extensions.DependencyInjection.ServiceLookup.CallSiteRuntimeResolver.Resolve(ServiceCallSite callSite, ServiceProviderEngineScope scope)
   at Microsoft.Extensions.DependencyInjection.ServiceLookup.DynamicServiceProviderEngine.<>c__DisplayClass2_0.<RealizeService>b__0(ServiceProviderEngineScope scope)
   at Microsoft.Extensions.DependencyInjection.ServiceProvider.GetService(ServiceIdentifier serviceIdentifier, ServiceProviderEngineScope serviceProviderEngineScope)
   at Microsoft.Extensions.DependencyInjection.ServiceLookup.ServiceProviderEngineScope.GetService(Type serviceType)
   at lambda_method193(Closure, IServiceProvider, Object[])
   at Microsoft.AspNetCore.Mvc.Controllers.ControllerFactoryProvider.<>c__DisplayClass6_0.<CreateControllerFactory>g__CreateController|0(ControllerContext controllerContext)
   at Microsoft.AspNetCore.Mvc.Infrastructure.ControllerActionInvoker.Next(State& next, Scope& scope, Object& state, Boolean& isCompleted)
   at Microsoft.AspNetCore.Mvc.Infrastructure.ControllerActionInvoker.InvokeInnerFilterAsync()
--- End of stack trace from previous location ---
   at Microsoft.AspNetCore.Mvc.Infrastructure.ResourceInvoker.<InvokeFilterPipelineAsync>g__Awaited|20_0(ResourceInvoker invoker, Task lastTask, State next, Scope scope, Object state, Boolean isCompleted)
   at Microsoft.AspNetCore.Mvc.Infrastructure.ResourceInvoker.<InvokeAsync>g__Logged|17_1(ResourceInvoker invoker)
   at Microsoft.AspNetCore.Mvc.Infrastructure.ResourceInvoker.<InvokeAsync>g__Logged|17_1(ResourceInvoker invoker)
   at Serilog.AspNetCore.RequestLoggingMiddleware.Invoke(HttpContext httpContext)
   at Microsoft.AspNetCore.Authorization.AuthorizationMiddleware.Invoke(HttpContext context)
   at Microsoft.AspNetCore.Authentication.AuthenticationMiddleware.Invoke(HttpContext context)
   at CulinaryBlog.Api.Middleware.ExceptionHandlingMiddleware.InvokeAsync(HttpContext context) in D:\PTUDWNC-2026-Nhom12\backend\src\CulinaryBlog.Api\Middleware\ExceptionHandlingMiddleware.cs:line 30
2026-10-06 05:38:59.016 +07:00 [ERR] HTTP POST /api/v1/auth/register responded 500 in 0.7066 ms
System.ArgumentException: IDX10703: Cannot create a 'Microsoft.IdentityModel.Tokens.SymmetricSecurityKey', key length is zero.
   at Microsoft.IdentityModel.Tokens.SymmetricSecurityKey..ctor(Byte[] key)
   at CulinaryBlog.Infrastructure.Authentication.JwtTokenGenerator..ctor(IOptions`1 options) in D:\PTUDWNC-2026-Nhom12\backend\src\CulinaryBlog.Infrastructure\Authentication\JwtTokenGenerator.cs:line 20
   at InvokeStub_JwtTokenGenerator..ctor(Object, Span`1)
   at System.Reflection.RuntimeConstructorInfo.Invoke(BindingFlags invokeAttr, Binder binder, Object[] parameters, CultureInfo culture)
   at Microsoft.Extensions.DependencyInjection.ServiceLookup.CallSiteVisitor`2.VisitCallSiteMain(ServiceCallSite callSite, TArgument argument)
   at Microsoft.Extensions.DependencyInjection.ServiceLookup.CallSiteVisitor`2.VisitCallSite(ServiceCallSite callSite, TArgument argument)
   at Microsoft.Extensions.DependencyInjection.ServiceLookup.CallSiteVisitor`2.VisitCallSiteMain(ServiceCallSite callSite, TArgument argument)
   at Microsoft.Extensions.DependencyInjection.ServiceLookup.CallSiteVisitor`2.VisitCallSite(ServiceCallSite callSite, TArgument argument)
   at Microsoft.Extensions.DependencyInjection.ServiceLookup.CallSiteRuntimeResolver.Resolve(ServiceCallSite callSite, ServiceProviderEngineScope scope)
   at Microsoft.Extensions.DependencyInjection.ServiceLookup.DynamicServiceProviderEngine.<>c__DisplayClass2_0.<RealizeService>b__0(ServiceProviderEngineScope scope)
   at Microsoft.Extensions.DependencyInjection.ServiceProvider.GetService(ServiceIdentifier serviceIdentifier, ServiceProviderEngineScope serviceProviderEngineScope)
   at Microsoft.Extensions.DependencyInjection.ServiceLookup.ServiceProviderEngineScope.GetService(Type serviceType)
   at lambda_method193(Closure, IServiceProvider, Object[])
   at Microsoft.AspNetCore.Mvc.Controllers.ControllerFactoryProvider.<>c__DisplayClass6_0.<CreateControllerFactory>g__CreateController|0(ControllerContext controllerContext)
   at Microsoft.AspNetCore.Mvc.Infrastructure.ControllerActionInvoker.Next(State& next, Scope& scope, Object& state, Boolean& isCompleted)
   at Microsoft.AspNetCore.Mvc.Infrastructure.ControllerActionInvoker.InvokeInnerFilterAsync()
--- End of stack trace from previous location ---
   at Microsoft.AspNetCore.Mvc.Infrastructure.ResourceInvoker.<InvokeFilterPipelineAsync>g__Awaited|20_0(ResourceInvoker invoker, Task lastTask, State next, Scope scope, Object state, Boolean isCompleted)
   at Microsoft.AspNetCore.Mvc.Infrastructure.ResourceInvoker.<InvokeAsync>g__Logged|17_1(ResourceInvoker invoker)
   at Microsoft.AspNetCore.Mvc.Infrastructure.ResourceInvoker.<InvokeAsync>g__Logged|17_1(ResourceInvoker invoker)
   at Serilog.AspNetCore.RequestLoggingMiddleware.Invoke(HttpContext httpContext)
2026-10-06 05:38:59.072 +07:00 [ERR] Unhandled exception occurred. TraceId: 0HNP365NL7NIU:0000000A, Path: /api/v1/auth/register
System.ArgumentException: IDX10703: Cannot create a 'Microsoft.IdentityModel.Tokens.SymmetricSecurityKey', key length is zero.
   at Microsoft.IdentityModel.Tokens.SymmetricSecurityKey..ctor(Byte[] key)
   at CulinaryBlog.Infrastructure.Authentication.JwtTokenGenerator..ctor(IOptions`1 options) in D:\PTUDWNC-2026-Nhom12\backend\src\CulinaryBlog.Infrastructure\Authentication\JwtTokenGenerator.cs:line 20
   at InvokeStub_JwtTokenGenerator..ctor(Object, Span`1)
   at System.Reflection.RuntimeConstructorInfo.Invoke(BindingFlags invokeAttr, Binder binder, Object[] parameters, CultureInfo culture)
   at Microsoft.Extensions.DependencyInjection.ServiceLookup.CallSiteVisitor`2.VisitCallSiteMain(ServiceCallSite callSite, TArgument argument)
   at Microsoft.Extensions.DependencyInjection.ServiceLookup.CallSiteVisitor`2.VisitCallSite(ServiceCallSite callSite, TArgument argument)
   at Microsoft.Extensions.DependencyInjection.ServiceLookup.CallSiteVisitor`2.VisitCallSiteMain(ServiceCallSite callSite, TArgument argument)
   at Microsoft.Extensions.DependencyInjection.ServiceLookup.CallSiteVisitor`2.VisitCallSite(ServiceCallSite callSite, TArgument argument)
   at Microsoft.Extensions.DependencyInjection.ServiceLookup.CallSiteRuntimeResolver.Resolve(ServiceCallSite callSite, ServiceProviderEngineScope scope)
   at Microsoft.Extensions.DependencyInjection.ServiceLookup.DynamicServiceProviderEngine.<>c__DisplayClass2_0.<RealizeService>b__0(ServiceProviderEngineScope scope)
   at Microsoft.Extensions.DependencyInjection.ServiceProvider.GetService(ServiceIdentifier serviceIdentifier, ServiceProviderEngineScope serviceProviderEngineScope)
   at Microsoft.Extensions.DependencyInjection.ServiceLookup.ServiceProviderEngineScope.GetService(Type serviceType)
   at lambda_method193(Closure, IServiceProvider, Object[])
   at Microsoft.AspNetCore.Mvc.Controllers.ControllerFactoryProvider.<>c__DisplayClass6_0.<CreateControllerFactory>g__CreateController|0(ControllerContext controllerContext)
   at Microsoft.AspNetCore.Mvc.Infrastructure.ControllerActionInvoker.Next(State& next, Scope& scope, Object& state, Boolean& isCompleted)
   at Microsoft.AspNetCore.Mvc.Infrastructure.ControllerActionInvoker.InvokeInnerFilterAsync()
--- End of stack trace from previous location ---
   at Microsoft.AspNetCore.Mvc.Infrastructure.ResourceInvoker.<InvokeFilterPipelineAsync>g__Awaited|20_0(ResourceInvoker invoker, Task lastTask, State next, Scope scope, Object state, Boolean isCompleted)
   at Microsoft.AspNetCore.Mvc.Infrastructure.ResourceInvoker.<InvokeAsync>g__Logged|17_1(ResourceInvoker invoker)
   at Microsoft.AspNetCore.Mvc.Infrastructure.ResourceInvoker.<InvokeAsync>g__Logged|17_1(ResourceInvoker invoker)
   at Serilog.AspNetCore.RequestLoggingMiddleware.Invoke(HttpContext httpContext)
   at Microsoft.AspNetCore.Authorization.AuthorizationMiddleware.Invoke(HttpContext context)
   at Microsoft.AspNetCore.Authentication.AuthenticationMiddleware.Invoke(HttpContext context)
   at CulinaryBlog.Api.Middleware.ExceptionHandlingMiddleware.InvokeAsync(HttpContext context) in D:\PTUDWNC-2026-Nhom12\backend\src\CulinaryBlog.Api\Middleware\ExceptionHandlingMiddleware.cs:line 30
2026-10-06 05:39:05.376 +07:00 [INF] Server quocnv:8520:14a196d5 caught stopping signal...
2026-10-06 05:39:05.383 +07:00 [INF] Server quocnv:8520:14a196d5 All dispatchers stopped
2026-10-06 05:39:05.403 +07:00 [INF] Server quocnv:8520:14a196d5 successfully reported itself as stopped in 12,6021 ms
2026-10-06 05:39:05.404 +07:00 [INF] Server quocnv:8520:14a196d5 has been stopped in total 25,3857 ms
2026-10-06 05:39:19.199 +07:00 [INF] Starting CulinaryBlog API
2026-10-06 05:39:19.427 +07:00 [INF] Starting database initialization...
2026-10-06 05:39:19.915 +07:00 [WRN] Entity 'Recipe' has a global query filter defined and is the required end of a relationship with the entity 'RecipeImage'. This may lead to unexpected results when the required entity is filtered out. Either configure the navigation as optional, or define matching query filters for both entities in the navigation. See https://go.microsoft.com/fwlink/?linkid=2131316 for more information.
2026-10-06 05:39:19.918 +07:00 [WRN] Entity 'Recipe' has a global query filter defined and is the required end of a relationship with the entity 'RecipeIngredient'. This may lead to unexpected results when the required entity is filtered out. Either configure the navigation as optional, or define matching query filters for both entities in the navigation. See https://go.microsoft.com/fwlink/?linkid=2131316 for more information.
2026-10-06 05:39:19.919 +07:00 [WRN] Entity 'Recipe' has a global query filter defined and is the required end of a relationship with the entity 'RecipeStep'. This may lead to unexpected results when the required entity is filtered out. Either configure the navigation as optional, or define matching query filters for both entities in the navigation. See https://go.microsoft.com/fwlink/?linkid=2131316 for more information.
2026-10-06 05:39:20.403 +07:00 [INF] Database migrations applied.
2026-10-06 05:39:20.738 +07:00 [INF] Admin user already exists: admin@culinaryblog.com
2026-10-06 05:39:20.769 +07:00 [INF] Database initialization completed.
2026-10-06 05:39:20.799 +07:00 [INF] Start installing Hangfire SQL objects...
2026-10-06 05:39:20.823 +07:00 [INF] Hangfire SQL objects installed.
2026-10-06 05:39:21.007 +07:00 [INF] Starting Hangfire Server using job storage: 'PostgreSQL Server: Host: 127.0.0.1, DB: culinaryblog_db, Schema: hangfire'
2026-10-06 05:39:21.008 +07:00 [INF] Using the following options for PostgreSQL job storage:
2026-10-06 05:39:21.009 +07:00 [INF]     Queue poll interval: 00:00:15.
2026-10-06 05:39:21.010 +07:00 [INF]     Invisibility timeout: 00:30:00.
2026-10-06 05:39:21.010 +07:00 [INF]     Use sliding invisibility timeout: False.
2026-10-06 05:39:21.011 +07:00 [INF] Using the following options for Hangfire Server:
    Worker count: 20
    Listening queues: 'default'
    Shutdown timeout: 00:00:15
    Schedule polling interval: 00:00:15
2026-10-06 05:39:21.099 +07:00 [INF] Server quocnv:29748:567ba1ad successfully announced in 78,9114 ms
2026-10-06 05:39:21.103 +07:00 [INF] Server quocnv:29748:567ba1ad is starting the registered dispatchers: ServerWatchdog, ServerJobCancellationWatcher, ExpirationManager, CountersAggregator, Worker, DelayedJobScheduler, RecurringJobScheduler...
2026-10-06 05:39:21.122 +07:00 [INF] Server quocnv:29748:567ba1ad all the dispatchers started
2026-10-06 05:39:27.037 +07:00 [ERR] HTTP POST /api/v1/auth/register responded 500 in 32.9504 ms
System.ArgumentException: IDX10703: Cannot create a 'Microsoft.IdentityModel.Tokens.SymmetricSecurityKey', key length is zero.
   at Microsoft.IdentityModel.Tokens.SymmetricSecurityKey..ctor(Byte[] key)
   at CulinaryBlog.Infrastructure.Authentication.JwtTokenGenerator..ctor(IOptions`1 options) in D:\PTUDWNC-2026-Nhom12\backend\src\CulinaryBlog.Infrastructure\Authentication\JwtTokenGenerator.cs:line 20
   at System.Reflection.MethodBaseInvoker.InterpretedInvoke_Constructor(Object obj, IntPtr* args)
   at System.Reflection.MethodBaseInvoker.InvokeDirectByRefWithFewArgs(Object obj, Span`1 copyOfArgs, BindingFlags invokeAttr)
   at System.Reflection.MethodBaseInvoker.InvokeWithOneArg(Object obj, BindingFlags invokeAttr, Binder binder, Object[] parameters, CultureInfo culture)
   at System.Reflection.RuntimeConstructorInfo.Invoke(BindingFlags invokeAttr, Binder binder, Object[] parameters, CultureInfo culture)
   at Microsoft.Extensions.DependencyInjection.ServiceLookup.CallSiteRuntimeResolver.VisitConstructor(ConstructorCallSite constructorCallSite, RuntimeResolverContext context)
   at Microsoft.Extensions.DependencyInjection.ServiceLookup.CallSiteRuntimeResolver.VisitCache(ServiceCallSite callSite, RuntimeResolverContext context, ServiceProviderEngineScope serviceProviderEngine, RuntimeResolverLock lockType)
   at Microsoft.Extensions.DependencyInjection.ServiceLookup.CallSiteRuntimeResolver.VisitScopeCache(ServiceCallSite callSite, RuntimeResolverContext context)
   at Microsoft.Extensions.DependencyInjection.ServiceLookup.CallSiteVisitor`2.VisitCallSite(ServiceCallSite callSite, TArgument argument)
   at Microsoft.Extensions.DependencyInjection.ServiceLookup.CallSiteRuntimeResolver.VisitConstructor(ConstructorCallSite constructorCallSite, RuntimeResolverContext context)
   at Microsoft.Extensions.DependencyInjection.ServiceLookup.CallSiteRuntimeResolver.VisitCache(ServiceCallSite callSite, RuntimeResolverContext context, ServiceProviderEngineScope serviceProviderEngine, RuntimeResolverLock lockType)
   at Microsoft.Extensions.DependencyInjection.ServiceLookup.CallSiteRuntimeResolver.VisitScopeCache(ServiceCallSite callSite, RuntimeResolverContext context)
   at Microsoft.Extensions.DependencyInjection.ServiceLookup.CallSiteVisitor`2.VisitCallSite(ServiceCallSite callSite, TArgument argument)
   at Microsoft.Extensions.DependencyInjection.ServiceLookup.CallSiteRuntimeResolver.Resolve(ServiceCallSite callSite, ServiceProviderEngineScope scope)
   at Microsoft.Extensions.DependencyInjection.ServiceLookup.DynamicServiceProviderEngine.<>c__DisplayClass2_0.<RealizeService>b__0(ServiceProviderEngineScope scope)
   at Microsoft.Extensions.DependencyInjection.ServiceProvider.GetService(ServiceIdentifier serviceIdentifier, ServiceProviderEngineScope serviceProviderEngineScope)
   at Microsoft.Extensions.DependencyInjection.ServiceLookup.ServiceProviderEngineScope.GetService(Type serviceType)
   at lambda_method193(Closure, IServiceProvider, Object[])
   at Microsoft.AspNetCore.Mvc.Controllers.ControllerFactoryProvider.<>c__DisplayClass6_0.<CreateControllerFactory>g__CreateController|0(ControllerContext controllerContext)
   at Microsoft.AspNetCore.Mvc.Infrastructure.ControllerActionInvoker.Next(State& next, Scope& scope, Object& state, Boolean& isCompleted)
   at Microsoft.AspNetCore.Mvc.Infrastructure.ControllerActionInvoker.InvokeInnerFilterAsync()
--- End of stack trace from previous location ---
   at Microsoft.AspNetCore.Mvc.Infrastructure.ResourceInvoker.<InvokeFilterPipelineAsync>g__Awaited|20_0(ResourceInvoker invoker, Task lastTask, State next, Scope scope, Object state, Boolean isCompleted)
   at Microsoft.AspNetCore.Mvc.Infrastructure.ResourceInvoker.<InvokeAsync>g__Logged|17_1(ResourceInvoker invoker)
   at Microsoft.AspNetCore.Mvc.Infrastructure.ResourceInvoker.<InvokeAsync>g__Logged|17_1(ResourceInvoker invoker)
   at Serilog.AspNetCore.RequestLoggingMiddleware.Invoke(HttpContext httpContext)
2026-10-06 05:39:27.108 +07:00 [ERR] Unhandled exception occurred. TraceId: 0HNP3661G6N84:00000002, Path: /api/v1/auth/register
System.ArgumentException: IDX10703: Cannot create a 'Microsoft.IdentityModel.Tokens.SymmetricSecurityKey', key length is zero.
   at Microsoft.IdentityModel.Tokens.SymmetricSecurityKey..ctor(Byte[] key)
   at CulinaryBlog.Infrastructure.Authentication.JwtTokenGenerator..ctor(IOptions`1 options) in D:\PTUDWNC-2026-Nhom12\backend\src\CulinaryBlog.Infrastructure\Authentication\JwtTokenGenerator.cs:line 20
   at System.Reflection.MethodBaseInvoker.InterpretedInvoke_Constructor(Object obj, IntPtr* args)
   at System.Reflection.MethodBaseInvoker.InvokeDirectByRefWithFewArgs(Object obj, Span`1 copyOfArgs, BindingFlags invokeAttr)
   at System.Reflection.MethodBaseInvoker.InvokeWithOneArg(Object obj, BindingFlags invokeAttr, Binder binder, Object[] parameters, CultureInfo culture)
   at System.Reflection.RuntimeConstructorInfo.Invoke(BindingFlags invokeAttr, Binder binder, Object[] parameters, CultureInfo culture)
   at Microsoft.Extensions.DependencyInjection.ServiceLookup.CallSiteRuntimeResolver.VisitConstructor(ConstructorCallSite constructorCallSite, RuntimeResolverContext context)
   at Microsoft.Extensions.DependencyInjection.ServiceLookup.CallSiteRuntimeResolver.VisitCache(ServiceCallSite callSite, RuntimeResolverContext context, ServiceProviderEngineScope serviceProviderEngine, RuntimeResolverLock lockType)
   at Microsoft.Extensions.DependencyInjection.ServiceLookup.CallSiteRuntimeResolver.VisitScopeCache(ServiceCallSite callSite, RuntimeResolverContext context)
   at Microsoft.Extensions.DependencyInjection.ServiceLookup.CallSiteVisitor`2.VisitCallSite(ServiceCallSite callSite, TArgument argument)
   at Microsoft.Extensions.DependencyInjection.ServiceLookup.CallSiteRuntimeResolver.VisitConstructor(ConstructorCallSite constructorCallSite, RuntimeResolverContext context)
   at Microsoft.Extensions.DependencyInjection.ServiceLookup.CallSiteRuntimeResolver.VisitCache(ServiceCallSite callSite, RuntimeResolverContext context, ServiceProviderEngineScope serviceProviderEngine, RuntimeResolverLock lockType)
   at Microsoft.Extensions.DependencyInjection.ServiceLookup.CallSiteRuntimeResolver.VisitScopeCache(ServiceCallSite callSite, RuntimeResolverContext context)
   at Microsoft.Extensions.DependencyInjection.ServiceLookup.CallSiteVisitor`2.VisitCallSite(ServiceCallSite callSite, TArgument argument)
   at Microsoft.Extensions.DependencyInjection.ServiceLookup.CallSiteRuntimeResolver.Resolve(ServiceCallSite callSite, ServiceProviderEngineScope scope)
   at Microsoft.Extensions.DependencyInjection.ServiceLookup.DynamicServiceProviderEngine.<>c__DisplayClass2_0.<RealizeService>b__0(ServiceProviderEngineScope scope)
   at Microsoft.Extensions.DependencyInjection.ServiceProvider.GetService(ServiceIdentifier serviceIdentifier, ServiceProviderEngineScope serviceProviderEngineScope)
   at Microsoft.Extensions.DependencyInjection.ServiceLookup.ServiceProviderEngineScope.GetService(Type serviceType)
   at lambda_method193(Closure, IServiceProvider, Object[])
   at Microsoft.AspNetCore.Mvc.Controllers.ControllerFactoryProvider.<>c__DisplayClass6_0.<CreateControllerFactory>g__CreateController|0(ControllerContext controllerContext)
   at Microsoft.AspNetCore.Mvc.Infrastructure.ControllerActionInvoker.Next(State& next, Scope& scope, Object& state, Boolean& isCompleted)
   at Microsoft.AspNetCore.Mvc.Infrastructure.ControllerActionInvoker.InvokeInnerFilterAsync()
--- End of stack trace from previous location ---
   at Microsoft.AspNetCore.Mvc.Infrastructure.ResourceInvoker.<InvokeFilterPipelineAsync>g__Awaited|20_0(ResourceInvoker invoker, Task lastTask, State next, Scope scope, Object state, Boolean isCompleted)
   at Microsoft.AspNetCore.Mvc.Infrastructure.ResourceInvoker.<InvokeAsync>g__Logged|17_1(ResourceInvoker invoker)
   at Microsoft.AspNetCore.Mvc.Infrastructure.ResourceInvoker.<InvokeAsync>g__Logged|17_1(ResourceInvoker invoker)
   at Serilog.AspNetCore.RequestLoggingMiddleware.Invoke(HttpContext httpContext)
   at Microsoft.AspNetCore.Authorization.AuthorizationMiddleware.Invoke(HttpContext context)
   at Microsoft.AspNetCore.Authentication.AuthenticationMiddleware.Invoke(HttpContext context)
   at CulinaryBlog.Api.Middleware.ExceptionHandlingMiddleware.InvokeAsync(HttpContext context) in D:\PTUDWNC-2026-Nhom12\backend\src\CulinaryBlog.Api\Middleware\ExceptionHandlingMiddleware.cs:line 30
2026-10-06 05:41:00.539 +07:00 [ERR] HTTP POST /api/v1/auth/register responded 500 in 5.4529 ms
System.ArgumentException: IDX10703: Cannot create a 'Microsoft.IdentityModel.Tokens.SymmetricSecurityKey', key length is zero.
   at Microsoft.IdentityModel.Tokens.SymmetricSecurityKey..ctor(Byte[] key)
   at CulinaryBlog.Infrastructure.Authentication.JwtTokenGenerator..ctor(IOptions`1 options) in D:\PTUDWNC-2026-Nhom12\backend\src\CulinaryBlog.Infrastructure\Authentication\JwtTokenGenerator.cs:line 20
   at InvokeStub_JwtTokenGenerator..ctor(Object, Span`1)
   at System.Reflection.MethodBaseInvoker.InvokeWithOneArg(Object obj, BindingFlags invokeAttr, Binder binder, Object[] parameters, CultureInfo culture)
   at System.Reflection.RuntimeConstructorInfo.Invoke(BindingFlags invokeAttr, Binder binder, Object[] parameters, CultureInfo culture)
   at Microsoft.Extensions.DependencyInjection.ServiceLookup.CallSiteRuntimeResolver.VisitConstructor(ConstructorCallSite constructorCallSite, RuntimeResolverContext context)
   at Microsoft.Extensions.DependencyInjection.ServiceLookup.CallSiteRuntimeResolver.VisitCache(ServiceCallSite callSite, RuntimeResolverContext context, ServiceProviderEngineScope serviceProviderEngine, RuntimeResolverLock lockType)
   at Microsoft.Extensions.DependencyInjection.ServiceLookup.CallSiteRuntimeResolver.VisitScopeCache(ServiceCallSite callSite, RuntimeResolverContext context)
   at Microsoft.Extensions.DependencyInjection.ServiceLookup.CallSiteRuntimeResolver.VisitConstructor(ConstructorCallSite constructorCallSite, RuntimeResolverContext context)
   at Microsoft.Extensions.DependencyInjection.ServiceLookup.CallSiteRuntimeResolver.VisitCache(ServiceCallSite callSite, RuntimeResolverContext context, ServiceProviderEngineScope serviceProviderEngine, RuntimeResolverLock lockType)
   at Microsoft.Extensions.DependencyInjection.ServiceLookup.CallSiteRuntimeResolver.VisitScopeCache(ServiceCallSite callSite, RuntimeResolverContext context)
   at Microsoft.Extensions.DependencyInjection.ServiceLookup.CallSiteRuntimeResolver.Resolve(ServiceCallSite callSite, ServiceProviderEngineScope scope)
   at Microsoft.Extensions.DependencyInjection.ServiceLookup.DynamicServiceProviderEngine.<>c__DisplayClass2_0.<RealizeService>b__0(ServiceProviderEngineScope scope)
   at Microsoft.Extensions.DependencyInjection.ServiceProvider.GetService(ServiceIdentifier serviceIdentifier, ServiceProviderEngineScope serviceProviderEngineScope)
   at Microsoft.Extensions.DependencyInjection.ServiceLookup.ServiceProviderEngineScope.GetService(Type serviceType)
   at lambda_method193(Closure, IServiceProvider, Object[])
   at Microsoft.AspNetCore.Mvc.Controllers.ControllerFactoryProvider.<>c__DisplayClass6_0.<CreateControllerFactory>g__CreateController|0(ControllerContext controllerContext)
   at Microsoft.AspNetCore.Mvc.Infrastructure.ControllerActionInvoker.Next(State& next, Scope& scope, Object& state, Boolean& isCompleted)
   at Microsoft.AspNetCore.Mvc.Infrastructure.ControllerActionInvoker.InvokeInnerFilterAsync()
--- End of stack trace from previous location ---
   at Microsoft.AspNetCore.Mvc.Infrastructure.ResourceInvoker.<InvokeFilterPipelineAsync>g__Awaited|20_0(ResourceInvoker invoker, Task lastTask, State next, Scope scope, Object state, Boolean isCompleted)
   at Microsoft.AspNetCore.Mvc.Infrastructure.ResourceInvoker.<InvokeAsync>g__Logged|17_1(ResourceInvoker invoker)
   at Microsoft.AspNetCore.Mvc.Infrastructure.ResourceInvoker.<InvokeAsync>g__Logged|17_1(ResourceInvoker invoker)
   at Serilog.AspNetCore.RequestLoggingMiddleware.Invoke(HttpContext httpContext)
2026-10-06 05:41:00.602 +07:00 [ERR] Unhandled exception occurred. TraceId: 0HNP3661G6N84:00000004, Path: /api/v1/auth/register
System.ArgumentException: IDX10703: Cannot create a 'Microsoft.IdentityModel.Tokens.SymmetricSecurityKey', key length is zero.
   at Microsoft.IdentityModel.Tokens.SymmetricSecurityKey..ctor(Byte[] key)
   at CulinaryBlog.Infrastructure.Authentication.JwtTokenGenerator..ctor(IOptions`1 options) in D:\PTUDWNC-2026-Nhom12\backend\src\CulinaryBlog.Infrastructure\Authentication\JwtTokenGenerator.cs:line 20
   at InvokeStub_JwtTokenGenerator..ctor(Object, Span`1)
   at System.Reflection.MethodBaseInvoker.InvokeWithOneArg(Object obj, BindingFlags invokeAttr, Binder binder, Object[] parameters, CultureInfo culture)
   at System.Reflection.RuntimeConstructorInfo.Invoke(BindingFlags invokeAttr, Binder binder, Object[] parameters, CultureInfo culture)
   at Microsoft.Extensions.DependencyInjection.ServiceLookup.CallSiteRuntimeResolver.VisitConstructor(ConstructorCallSite constructorCallSite, RuntimeResolverContext context)
   at Microsoft.Extensions.DependencyInjection.ServiceLookup.CallSiteRuntimeResolver.VisitCache(ServiceCallSite callSite, RuntimeResolverContext context, ServiceProviderEngineScope serviceProviderEngine, RuntimeResolverLock lockType)
   at Microsoft.Extensions.DependencyInjection.ServiceLookup.CallSiteRuntimeResolver.VisitScopeCache(ServiceCallSite callSite, RuntimeResolverContext context)
   at Microsoft.Extensions.DependencyInjection.ServiceLookup.CallSiteRuntimeResolver.VisitConstructor(ConstructorCallSite constructorCallSite, RuntimeResolverContext context)
   at Microsoft.Extensions.DependencyInjection.ServiceLookup.CallSiteRuntimeResolver.VisitCache(ServiceCallSite callSite, RuntimeResolverContext context, ServiceProviderEngineScope serviceProviderEngine, RuntimeResolverLock lockType)
   at Microsoft.Extensions.DependencyInjection.ServiceLookup.CallSiteRuntimeResolver.VisitScopeCache(ServiceCallSite callSite, RuntimeResolverContext context)
   at Microsoft.Extensions.DependencyInjection.ServiceLookup.CallSiteRuntimeResolver.Resolve(ServiceCallSite callSite, ServiceProviderEngineScope scope)
   at Microsoft.Extensions.DependencyInjection.ServiceLookup.DynamicServiceProviderEngine.<>c__DisplayClass2_0.<RealizeService>b__0(ServiceProviderEngineScope scope)
   at Microsoft.Extensions.DependencyInjection.ServiceProvider.GetService(ServiceIdentifier serviceIdentifier, ServiceProviderEngineScope serviceProviderEngineScope)
   at Microsoft.Extensions.DependencyInjection.ServiceLookup.ServiceProviderEngineScope.GetService(Type serviceType)
   at lambda_method193(Closure, IServiceProvider, Object[])
   at Microsoft.AspNetCore.Mvc.Controllers.ControllerFactoryProvider.<>c__DisplayClass6_0.<CreateControllerFactory>g__CreateController|0(ControllerContext controllerContext)
   at Microsoft.AspNetCore.Mvc.Infrastructure.ControllerActionInvoker.Next(State& next, Scope& scope, Object& state, Boolean& isCompleted)
   at Microsoft.AspNetCore.Mvc.Infrastructure.ControllerActionInvoker.InvokeInnerFilterAsync()
--- End of stack trace from previous location ---
   at Microsoft.AspNetCore.Mvc.Infrastructure.ResourceInvoker.<InvokeFilterPipelineAsync>g__Awaited|20_0(ResourceInvoker invoker, Task lastTask, State next, Scope scope, Object state, Boolean isCompleted)
   at Microsoft.AspNetCore.Mvc.Infrastructure.ResourceInvoker.<InvokeAsync>g__Logged|17_1(ResourceInvoker invoker)
   at Microsoft.AspNetCore.Mvc.Infrastructure.ResourceInvoker.<InvokeAsync>g__Logged|17_1(ResourceInvoker invoker)
   at Serilog.AspNetCore.RequestLoggingMiddleware.Invoke(HttpContext httpContext)
   at Microsoft.AspNetCore.Authorization.AuthorizationMiddleware.Invoke(HttpContext context)
   at Microsoft.AspNetCore.Authentication.AuthenticationMiddleware.Invoke(HttpContext context)
   at CulinaryBlog.Api.Middleware.ExceptionHandlingMiddleware.InvokeAsync(HttpContext context) in D:\PTUDWNC-2026-Nhom12\backend\src\CulinaryBlog.Api\Middleware\ExceptionHandlingMiddleware.cs:line 30
2026-10-06 05:41:01.225 +07:00 [ERR] HTTP POST /api/v1/auth/register responded 500 in 1.1558 ms
System.ArgumentException: IDX10703: Cannot create a 'Microsoft.IdentityModel.Tokens.SymmetricSecurityKey', key length is zero.
   at Microsoft.IdentityModel.Tokens.SymmetricSecurityKey..ctor(Byte[] key)
   at CulinaryBlog.Infrastructure.Authentication.JwtTokenGenerator..ctor(IOptions`1 options) in D:\PTUDWNC-2026-Nhom12\backend\src\CulinaryBlog.Infrastructure\Authentication\JwtTokenGenerator.cs:line 20
   at InvokeStub_JwtTokenGenerator..ctor(Object, Span`1)
   at System.Reflection.MethodBaseInvoker.InvokeWithOneArg(Object obj, BindingFlags invokeAttr, Binder binder, Object[] parameters, CultureInfo culture)
   at System.Reflection.RuntimeConstructorInfo.Invoke(BindingFlags invokeAttr, Binder binder, Object[] parameters, CultureInfo culture)
   at Microsoft.Extensions.DependencyInjection.ServiceLookup.CallSiteRuntimeResolver.VisitConstructor(ConstructorCallSite constructorCallSite, RuntimeResolverContext context)
   at Microsoft.Extensions.DependencyInjection.ServiceLookup.CallSiteRuntimeResolver.VisitCache(ServiceCallSite callSite, RuntimeResolverContext context, ServiceProviderEngineScope serviceProviderEngine, RuntimeResolverLock lockType)
   at Microsoft.Extensions.DependencyInjection.ServiceLookup.CallSiteRuntimeResolver.VisitScopeCache(ServiceCallSite callSite, RuntimeResolverContext context)
   at Microsoft.Extensions.DependencyInjection.ServiceLookup.CallSiteRuntimeResolver.VisitConstructor(ConstructorCallSite constructorCallSite, RuntimeResolverContext context)
   at Microsoft.Extensions.DependencyInjection.ServiceLookup.CallSiteRuntimeResolver.VisitCache(ServiceCallSite callSite, RuntimeResolverContext context, ServiceProviderEngineScope serviceProviderEngine, RuntimeResolverLock lockType)
   at Microsoft.Extensions.DependencyInjection.ServiceLookup.CallSiteRuntimeResolver.VisitScopeCache(ServiceCallSite callSite, RuntimeResolverContext context)
   at Microsoft.Extensions.DependencyInjection.ServiceLookup.CallSiteRuntimeResolver.Resolve(ServiceCallSite callSite, ServiceProviderEngineScope scope)
   at Microsoft.Extensions.DependencyInjection.ServiceLookup.DynamicServiceProviderEngine.<>c__DisplayClass2_0.<RealizeService>b__0(ServiceProviderEngineScope scope)
   at Microsoft.Extensions.DependencyInjection.ServiceProvider.GetService(ServiceIdentifier serviceIdentifier, ServiceProviderEngineScope serviceProviderEngineScope)
   at Microsoft.Extensions.DependencyInjection.ServiceLookup.ServiceProviderEngineScope.GetService(Type serviceType)
   at lambda_method193(Closure, IServiceProvider, Object[])
   at Microsoft.AspNetCore.Mvc.Controllers.ControllerFactoryProvider.<>c__DisplayClass6_0.<CreateControllerFactory>g__CreateController|0(ControllerContext controllerContext)
   at Microsoft.AspNetCore.Mvc.Infrastructure.ControllerActionInvoker.Next(State& next, Scope& scope, Object& state, Boolean& isCompleted)
   at Microsoft.AspNetCore.Mvc.Infrastructure.ControllerActionInvoker.InvokeInnerFilterAsync()
--- End of stack trace from previous location ---
   at Microsoft.AspNetCore.Mvc.Infrastructure.ResourceInvoker.<InvokeFilterPipelineAsync>g__Awaited|20_0(ResourceInvoker invoker, Task lastTask, State next, Scope scope, Object state, Boolean isCompleted)
   at Microsoft.AspNetCore.Mvc.Infrastructure.ResourceInvoker.<InvokeAsync>g__Logged|17_1(ResourceInvoker invoker)
   at Microsoft.AspNetCore.Mvc.Infrastructure.ResourceInvoker.<InvokeAsync>g__Logged|17_1(ResourceInvoker invoker)
   at Serilog.AspNetCore.RequestLoggingMiddleware.Invoke(HttpContext httpContext)
2026-10-06 05:41:01.247 +07:00 [ERR] Unhandled exception occurred. TraceId: 0HNP3661G6N84:00000005, Path: /api/v1/auth/register
System.ArgumentException: IDX10703: Cannot create a 'Microsoft.IdentityModel.Tokens.SymmetricSecurityKey', key length is zero.
   at Microsoft.IdentityModel.Tokens.SymmetricSecurityKey..ctor(Byte[] key)
   at CulinaryBlog.Infrastructure.Authentication.JwtTokenGenerator..ctor(IOptions`1 options) in D:\PTUDWNC-2026-Nhom12\backend\src\CulinaryBlog.Infrastructure\Authentication\JwtTokenGenerator.cs:line 20
   at InvokeStub_JwtTokenGenerator..ctor(Object, Span`1)
   at System.Reflection.MethodBaseInvoker.InvokeWithOneArg(Object obj, BindingFlags invokeAttr, Binder binder, Object[] parameters, CultureInfo culture)
   at System.Reflection.RuntimeConstructorInfo.Invoke(BindingFlags invokeAttr, Binder binder, Object[] parameters, CultureInfo culture)
   at Microsoft.Extensions.DependencyInjection.ServiceLookup.CallSiteRuntimeResolver.VisitConstructor(ConstructorCallSite constructorCallSite, RuntimeResolverContext context)
   at Microsoft.Extensions.DependencyInjection.ServiceLookup.CallSiteRuntimeResolver.VisitCache(ServiceCallSite callSite, RuntimeResolverContext context, ServiceProviderEngineScope serviceProviderEngine, RuntimeResolverLock lockType)
   at Microsoft.Extensions.DependencyInjection.ServiceLookup.CallSiteRuntimeResolver.VisitScopeCache(ServiceCallSite callSite, RuntimeResolverContext context)
   at Microsoft.Extensions.DependencyInjection.ServiceLookup.CallSiteRuntimeResolver.VisitConstructor(ConstructorCallSite constructorCallSite, RuntimeResolverContext context)
   at Microsoft.Extensions.DependencyInjection.ServiceLookup.CallSiteRuntimeResolver.VisitCache(ServiceCallSite callSite, RuntimeResolverContext context, ServiceProviderEngineScope serviceProviderEngine, RuntimeResolverLock lockType)
   at Microsoft.Extensions.DependencyInjection.ServiceLookup.CallSiteRuntimeResolver.VisitScopeCache(ServiceCallSite callSite, RuntimeResolverContext context)
   at Microsoft.Extensions.DependencyInjection.ServiceLookup.CallSiteRuntimeResolver.Resolve(ServiceCallSite callSite, ServiceProviderEngineScope scope)
   at Microsoft.Extensions.DependencyInjection.ServiceLookup.DynamicServiceProviderEngine.<>c__DisplayClass2_0.<RealizeService>b__0(ServiceProviderEngineScope scope)
   at Microsoft.Extensions.DependencyInjection.ServiceProvider.GetService(ServiceIdentifier serviceIdentifier, ServiceProviderEngineScope serviceProviderEngineScope)
   at Microsoft.Extensions.DependencyInjection.ServiceLookup.ServiceProviderEngineScope.GetService(Type serviceType)
   at lambda_method193(Closure, IServiceProvider, Object[])
   at Microsoft.AspNetCore.Mvc.Controllers.ControllerFactoryProvider.<>c__DisplayClass6_0.<CreateControllerFactory>g__CreateController|0(ControllerContext controllerContext)
   at Microsoft.AspNetCore.Mvc.Infrastructure.ControllerActionInvoker.Next(State& next, Scope& scope, Object& state, Boolean& isCompleted)
   at Microsoft.AspNetCore.Mvc.Infrastructure.ControllerActionInvoker.InvokeInnerFilterAsync()
--- End of stack trace from previous location ---
   at Microsoft.AspNetCore.Mvc.Infrastructure.ResourceInvoker.<InvokeFilterPipelineAsync>g__Awaited|20_0(ResourceInvoker invoker, Task lastTask, State next, Scope scope, Object state, Boolean isCompleted)
   at Microsoft.AspNetCore.Mvc.Infrastructure.ResourceInvoker.<InvokeAsync>g__Logged|17_1(ResourceInvoker invoker)
   at Microsoft.AspNetCore.Mvc.Infrastructure.ResourceInvoker.<InvokeAsync>g__Logged|17_1(ResourceInvoker invoker)
   at Serilog.AspNetCore.RequestLoggingMiddleware.Invoke(HttpContext httpContext)
   at Microsoft.AspNetCore.Authorization.AuthorizationMiddleware.Invoke(HttpContext context)
   at Microsoft.AspNetCore.Authentication.AuthenticationMiddleware.Invoke(HttpContext context)
   at CulinaryBlog.Api.Middleware.ExceptionHandlingMiddleware.InvokeAsync(HttpContext context) in D:\PTUDWNC-2026-Nhom12\backend\src\CulinaryBlog.Api\Middleware\ExceptionHandlingMiddleware.cs:line 30
2026-10-06 05:42:11.212 +07:00 [INF] Server quocnv:29748:567ba1ad caught stopping signal...
2026-10-06 05:42:11.217 +07:00 [INF] Server quocnv:29748:567ba1ad All dispatchers stopped
2026-10-06 05:42:11.234 +07:00 [INF] Server quocnv:29748:567ba1ad successfully reported itself as stopped in 12,5601 ms
2026-10-06 05:42:11.239 +07:00 [INF] Server quocnv:29748:567ba1ad has been stopped in total 24,946 ms
2026-10-06 05:42:20.259 +07:00 [INF] Starting CulinaryBlog API
2026-10-06 05:42:20.553 +07:00 [INF] Starting database initialization...
2026-10-06 05:42:21.064 +07:00 [WRN] Entity 'Recipe' has a global query filter defined and is the required end of a relationship with the entity 'RecipeImage'. This may lead to unexpected results when the required entity is filtered out. Either configure the navigation as optional, or define matching query filters for both entities in the navigation. See https://go.microsoft.com/fwlink/?linkid=2131316 for more information.
2026-10-06 05:42:21.074 +07:00 [WRN] Entity 'Recipe' has a global query filter defined and is the required end of a relationship with the entity 'RecipeIngredient'. This may lead to unexpected results when the required entity is filtered out. Either configure the navigation as optional, or define matching query filters for both entities in the navigation. See https://go.microsoft.com/fwlink/?linkid=2131316 for more information.
2026-10-06 05:42:21.091 +07:00 [WRN] Entity 'Recipe' has a global query filter defined and is the required end of a relationship with the entity 'RecipeStep'. This may lead to unexpected results when the required entity is filtered out. Either configure the navigation as optional, or define matching query filters for both entities in the navigation. See https://go.microsoft.com/fwlink/?linkid=2131316 for more information.
2026-10-06 05:42:21.596 +07:00 [INF] Database migrations applied.
2026-10-06 05:42:21.930 +07:00 [INF] Admin user already exists: admin@culinaryblog.com
2026-10-06 05:42:22.001 +07:00 [INF] Database initialization completed.
2026-10-06 05:42:22.118 +07:00 [INF] Start installing Hangfire SQL objects...
2026-10-06 05:42:22.223 +07:00 [INF] Hangfire SQL objects installed.
2026-10-06 05:42:22.481 +07:00 [INF] Starting Hangfire Server using job storage: 'PostgreSQL Server: Host: 127.0.0.1, DB: culinaryblog_db, Schema: hangfire'
2026-10-06 05:42:22.482 +07:00 [INF] Using the following options for PostgreSQL job storage:
2026-10-06 05:42:22.483 +07:00 [INF]     Queue poll interval: 00:00:15.
2026-10-06 05:42:22.484 +07:00 [INF]     Invisibility timeout: 00:30:00.
2026-10-06 05:42:22.485 +07:00 [INF]     Use sliding invisibility timeout: False.
2026-10-06 05:42:22.491 +07:00 [INF] Using the following options for Hangfire Server:
    Worker count: 20
    Listening queues: 'default'
    Shutdown timeout: 00:00:15
    Schedule polling interval: 00:00:15
2026-10-06 05:42:22.606 +07:00 [INF] Server quocnv:15108:a776f30b successfully announced in 96,0909 ms
2026-10-06 05:42:22.649 +07:00 [INF] Server quocnv:15108:a776f30b is starting the registered dispatchers: ServerWatchdog, ServerJobCancellationWatcher, ExpirationManager, CountersAggregator, Worker, DelayedJobScheduler, RecurringJobScheduler...
2026-10-06 05:42:22.690 +07:00 [INF] Server quocnv:15108:a776f30b all the dispatchers started
2026-10-06 05:42:49.719 +07:00 [ERR] HTTP POST /api/v1/auth/register responded 500 in 39.6520 ms
System.ArgumentException: IDX10703: Cannot create a 'Microsoft.IdentityModel.Tokens.SymmetricSecurityKey', key length is zero.
   at Microsoft.IdentityModel.Tokens.SymmetricSecurityKey..ctor(Byte[] key)
   at CulinaryBlog.Infrastructure.Authentication.JwtTokenGenerator..ctor(IOptions`1 options) in D:\PTUDWNC-2026-Nhom12\backend\src\CulinaryBlog.Infrastructure\Authentication\JwtTokenGenerator.cs:line 20
   at System.Reflection.MethodBaseInvoker.InterpretedInvoke_Constructor(Object obj, IntPtr* args)
   at System.Reflection.MethodBaseInvoker.InvokeDirectByRefWithFewArgs(Object obj, Span`1 copyOfArgs, BindingFlags invokeAttr)
   at System.Reflection.MethodBaseInvoker.InvokeWithOneArg(Object obj, BindingFlags invokeAttr, Binder binder, Object[] parameters, CultureInfo culture)
   at System.Reflection.RuntimeConstructorInfo.Invoke(BindingFlags invokeAttr, Binder binder, Object[] parameters, CultureInfo culture)
   at Microsoft.Extensions.DependencyInjection.ServiceLookup.CallSiteRuntimeResolver.VisitConstructor(ConstructorCallSite constructorCallSite, RuntimeResolverContext context)
   at Microsoft.Extensions.DependencyInjection.ServiceLookup.CallSiteRuntimeResolver.VisitCache(ServiceCallSite callSite, RuntimeResolverContext context, ServiceProviderEngineScope serviceProviderEngine, RuntimeResolverLock lockType)
   at Microsoft.Extensions.DependencyInjection.ServiceLookup.CallSiteRuntimeResolver.VisitScopeCache(ServiceCallSite callSite, RuntimeResolverContext context)
   at Microsoft.Extensions.DependencyInjection.ServiceLookup.CallSiteVisitor`2.VisitCallSite(ServiceCallSite callSite, TArgument argument)
   at Microsoft.Extensions.DependencyInjection.ServiceLookup.CallSiteRuntimeResolver.VisitConstructor(ConstructorCallSite constructorCallSite, RuntimeResolverContext context)
   at Microsoft.Extensions.DependencyInjection.ServiceLookup.CallSiteRuntimeResolver.VisitCache(ServiceCallSite callSite, RuntimeResolverContext context, ServiceProviderEngineScope serviceProviderEngine, RuntimeResolverLock lockType)
   at Microsoft.Extensions.DependencyInjection.ServiceLookup.CallSiteRuntimeResolver.VisitScopeCache(ServiceCallSite callSite, RuntimeResolverContext context)
   at Microsoft.Extensions.DependencyInjection.ServiceLookup.CallSiteVisitor`2.VisitCallSite(ServiceCallSite callSite, TArgument argument)
   at Microsoft.Extensions.DependencyInjection.ServiceLookup.CallSiteRuntimeResolver.Resolve(ServiceCallSite callSite, ServiceProviderEngineScope scope)
   at Microsoft.Extensions.DependencyInjection.ServiceLookup.DynamicServiceProviderEngine.<>c__DisplayClass2_0.<RealizeService>b__0(ServiceProviderEngineScope scope)
   at Microsoft.Extensions.DependencyInjection.ServiceProvider.GetService(ServiceIdentifier serviceIdentifier, ServiceProviderEngineScope serviceProviderEngineScope)
   at Microsoft.Extensions.DependencyInjection.ServiceLookup.ServiceProviderEngineScope.GetService(Type serviceType)
   at lambda_method193(Closure, IServiceProvider, Object[])
   at Microsoft.AspNetCore.Mvc.Controllers.ControllerFactoryProvider.<>c__DisplayClass6_0.<CreateControllerFactory>g__CreateController|0(ControllerContext controllerContext)
   at Microsoft.AspNetCore.Mvc.Infrastructure.ControllerActionInvoker.Next(State& next, Scope& scope, Object& state, Boolean& isCompleted)
   at Microsoft.AspNetCore.Mvc.Infrastructure.ControllerActionInvoker.InvokeInnerFilterAsync()
--- End of stack trace from previous location ---
   at Microsoft.AspNetCore.Mvc.Infrastructure.ResourceInvoker.<InvokeFilterPipelineAsync>g__Awaited|20_0(ResourceInvoker invoker, Task lastTask, State next, Scope scope, Object state, Boolean isCompleted)
   at Microsoft.AspNetCore.Mvc.Infrastructure.ResourceInvoker.<InvokeAsync>g__Logged|17_1(ResourceInvoker invoker)
   at Microsoft.AspNetCore.Mvc.Infrastructure.ResourceInvoker.<InvokeAsync>g__Logged|17_1(ResourceInvoker invoker)
   at Serilog.AspNetCore.RequestLoggingMiddleware.Invoke(HttpContext httpContext)
2026-10-06 05:42:49.853 +07:00 [ERR] Unhandled exception occurred. TraceId: 0HNP367TSVELK:00000002, Path: /api/v1/auth/register
System.ArgumentException: IDX10703: Cannot create a 'Microsoft.IdentityModel.Tokens.SymmetricSecurityKey', key length is zero.
   at Microsoft.IdentityModel.Tokens.SymmetricSecurityKey..ctor(Byte[] key)
   at CulinaryBlog.Infrastructure.Authentication.JwtTokenGenerator..ctor(IOptions`1 options) in D:\PTUDWNC-2026-Nhom12\backend\src\CulinaryBlog.Infrastructure\Authentication\JwtTokenGenerator.cs:line 20
   at System.Reflection.MethodBaseInvoker.InterpretedInvoke_Constructor(Object obj, IntPtr* args)
   at System.Reflection.MethodBaseInvoker.InvokeDirectByRefWithFewArgs(Object obj, Span`1 copyOfArgs, BindingFlags invokeAttr)
   at System.Reflection.MethodBaseInvoker.InvokeWithOneArg(Object obj, BindingFlags invokeAttr, Binder binder, Object[] parameters, CultureInfo culture)
   at System.Reflection.RuntimeConstructorInfo.Invoke(BindingFlags invokeAttr, Binder binder, Object[] parameters, CultureInfo culture)
   at Microsoft.Extensions.DependencyInjection.ServiceLookup.CallSiteRuntimeResolver.VisitConstructor(ConstructorCallSite constructorCallSite, RuntimeResolverContext context)
   at Microsoft.Extensions.DependencyInjection.ServiceLookup.CallSiteRuntimeResolver.VisitCache(ServiceCallSite callSite, RuntimeResolverContext context, ServiceProviderEngineScope serviceProviderEngine, RuntimeResolverLock lockType)
   at Microsoft.Extensions.DependencyInjection.ServiceLookup.CallSiteRuntimeResolver.VisitScopeCache(ServiceCallSite callSite, RuntimeResolverContext context)
   at Microsoft.Extensions.DependencyInjection.ServiceLookup.CallSiteVisitor`2.VisitCallSite(ServiceCallSite callSite, TArgument argument)
   at Microsoft.Extensions.DependencyInjection.ServiceLookup.CallSiteRuntimeResolver.VisitConstructor(ConstructorCallSite constructorCallSite, RuntimeResolverContext context)
   at Microsoft.Extensions.DependencyInjection.ServiceLookup.CallSiteRuntimeResolver.VisitCache(ServiceCallSite callSite, RuntimeResolverContext context, ServiceProviderEngineScope serviceProviderEngine, RuntimeResolverLock lockType)
   at Microsoft.Extensions.DependencyInjection.ServiceLookup.CallSiteRuntimeResolver.VisitScopeCache(ServiceCallSite callSite, RuntimeResolverContext context)
   at Microsoft.Extensions.DependencyInjection.ServiceLookup.CallSiteVisitor`2.VisitCallSite(ServiceCallSite callSite, TArgument argument)
   at Microsoft.Extensions.DependencyInjection.ServiceLookup.CallSiteRuntimeResolver.Resolve(ServiceCallSite callSite, ServiceProviderEngineScope scope)
   at Microsoft.Extensions.DependencyInjection.ServiceLookup.DynamicServiceProviderEngine.<>c__DisplayClass2_0.<RealizeService>b__0(ServiceProviderEngineScope scope)
   at Microsoft.Extensions.DependencyInjection.ServiceProvider.GetService(ServiceIdentifier serviceIdentifier, ServiceProviderEngineScope serviceProviderEngineScope)
   at Microsoft.Extensions.DependencyInjection.ServiceLookup.ServiceProviderEngineScope.GetService(Type serviceType)
   at lambda_method193(Closure, IServiceProvider, Object[])
   at Microsoft.AspNetCore.Mvc.Controllers.ControllerFactoryProvider.<>c__DisplayClass6_0.<CreateControllerFactory>g__CreateController|0(ControllerContext controllerContext)
   at Microsoft.AspNetCore.Mvc.Infrastructure.ControllerActionInvoker.Next(State& next, Scope& scope, Object& state, Boolean& isCompleted)
   at Microsoft.AspNetCore.Mvc.Infrastructure.ControllerActionInvoker.InvokeInnerFilterAsync()
--- End of stack trace from previous location ---
   at Microsoft.AspNetCore.Mvc.Infrastructure.ResourceInvoker.<InvokeFilterPipelineAsync>g__Awaited|20_0(ResourceInvoker invoker, Task lastTask, State next, Scope scope, Object state, Boolean isCompleted)
   at Microsoft.AspNetCore.Mvc.Infrastructure.ResourceInvoker.<InvokeAsync>g__Logged|17_1(ResourceInvoker invoker)
   at Microsoft.AspNetCore.Mvc.Infrastructure.ResourceInvoker.<InvokeAsync>g__Logged|17_1(ResourceInvoker invoker)
   at Serilog.AspNetCore.RequestLoggingMiddleware.Invoke(HttpContext httpContext)
   at Microsoft.AspNetCore.Authorization.AuthorizationMiddleware.Invoke(HttpContext context)
   at Microsoft.AspNetCore.Authentication.AuthenticationMiddleware.Invoke(HttpContext context)
   at CulinaryBlog.Api.Middleware.ExceptionHandlingMiddleware.InvokeAsync(HttpContext context) in D:\PTUDWNC-2026-Nhom12\backend\src\CulinaryBlog.Api\Middleware\ExceptionHandlingMiddleware.cs:line 30
2026-10-06 05:43:31.572 +07:00 [ERR] HTTP POST /api/v1/auth/register responded 500 in 8.1002 ms
System.ArgumentException: IDX10703: Cannot create a 'Microsoft.IdentityModel.Tokens.SymmetricSecurityKey', key length is zero.
   at Microsoft.IdentityModel.Tokens.SymmetricSecurityKey..ctor(Byte[] key)
   at CulinaryBlog.Infrastructure.Authentication.JwtTokenGenerator..ctor(IOptions`1 options) in D:\PTUDWNC-2026-Nhom12\backend\src\CulinaryBlog.Infrastructure\Authentication\JwtTokenGenerator.cs:line 20
   at InvokeStub_JwtTokenGenerator..ctor(Object, Span`1)
   at System.Reflection.MethodBaseInvoker.InvokeWithOneArg(Object obj, BindingFlags invokeAttr, Binder binder, Object[] parameters, CultureInfo culture)
   at System.Reflection.RuntimeConstructorInfo.Invoke(BindingFlags invokeAttr, Binder binder, Object[] parameters, CultureInfo culture)
   at Microsoft.Extensions.DependencyInjection.ServiceLookup.CallSiteRuntimeResolver.VisitConstructor(ConstructorCallSite constructorCallSite, RuntimeResolverContext context)
   at Microsoft.Extensions.DependencyInjection.ServiceLookup.CallSiteRuntimeResolver.VisitCache(ServiceCallSite callSite, RuntimeResolverContext context, ServiceProviderEngineScope serviceProviderEngine, RuntimeResolverLock lockType)
   at Microsoft.Extensions.DependencyInjection.ServiceLookup.CallSiteRuntimeResolver.VisitScopeCache(ServiceCallSite callSite, RuntimeResolverContext context)
   at Microsoft.Extensions.DependencyInjection.ServiceLookup.CallSiteRuntimeResolver.VisitConstructor(ConstructorCallSite constructorCallSite, RuntimeResolverContext context)
   at Microsoft.Extensions.DependencyInjection.ServiceLookup.CallSiteRuntimeResolver.VisitCache(ServiceCallSite callSite, RuntimeResolverContext context, ServiceProviderEngineScope serviceProviderEngine, RuntimeResolverLock lockType)
   at Microsoft.Extensions.DependencyInjection.ServiceLookup.CallSiteRuntimeResolver.VisitScopeCache(ServiceCallSite callSite, RuntimeResolverContext context)
   at Microsoft.Extensions.DependencyInjection.ServiceLookup.CallSiteRuntimeResolver.Resolve(ServiceCallSite callSite, ServiceProviderEngineScope scope)
   at Microsoft.Extensions.DependencyInjection.ServiceLookup.DynamicServiceProviderEngine.<>c__DisplayClass2_0.<RealizeService>b__0(ServiceProviderEngineScope scope)
   at Microsoft.Extensions.DependencyInjection.ServiceProvider.GetService(ServiceIdentifier serviceIdentifier, ServiceProviderEngineScope serviceProviderEngineScope)
   at Microsoft.Extensions.DependencyInjection.ServiceLookup.ServiceProviderEngineScope.GetService(Type serviceType)
   at lambda_method193(Closure, IServiceProvider, Object[])
   at Microsoft.AspNetCore.Mvc.Controllers.ControllerFactoryProvider.<>c__DisplayClass6_0.<CreateControllerFactory>g__CreateController|0(ControllerContext controllerContext)
   at Microsoft.AspNetCore.Mvc.Infrastructure.ControllerActionInvoker.Next(State& next, Scope& scope, Object& state, Boolean& isCompleted)
   at Microsoft.AspNetCore.Mvc.Infrastructure.ControllerActionInvoker.InvokeInnerFilterAsync()
--- End of stack trace from previous location ---
   at Microsoft.AspNetCore.Mvc.Infrastructure.ResourceInvoker.<InvokeFilterPipelineAsync>g__Awaited|20_0(ResourceInvoker invoker, Task lastTask, State next, Scope scope, Object state, Boolean isCompleted)
   at Microsoft.AspNetCore.Mvc.Infrastructure.ResourceInvoker.<InvokeAsync>g__Logged|17_1(ResourceInvoker invoker)
   at Microsoft.AspNetCore.Mvc.Infrastructure.ResourceInvoker.<InvokeAsync>g__Logged|17_1(ResourceInvoker invoker)
   at Serilog.AspNetCore.RequestLoggingMiddleware.Invoke(HttpContext httpContext)
2026-10-06 05:43:31.609 +07:00 [ERR] Unhandled exception occurred. TraceId: 0HNP367TSVELK:00000004, Path: /api/v1/auth/register
System.ArgumentException: IDX10703: Cannot create a 'Microsoft.IdentityModel.Tokens.SymmetricSecurityKey', key length is zero.
   at Microsoft.IdentityModel.Tokens.SymmetricSecurityKey..ctor(Byte[] key)
   at CulinaryBlog.Infrastructure.Authentication.JwtTokenGenerator..ctor(IOptions`1 options) in D:\PTUDWNC-2026-Nhom12\backend\src\CulinaryBlog.Infrastructure\Authentication\JwtTokenGenerator.cs:line 20
   at InvokeStub_JwtTokenGenerator..ctor(Object, Span`1)
   at System.Reflection.MethodBaseInvoker.InvokeWithOneArg(Object obj, BindingFlags invokeAttr, Binder binder, Object[] parameters, CultureInfo culture)
   at System.Reflection.RuntimeConstructorInfo.Invoke(BindingFlags invokeAttr, Binder binder, Object[] parameters, CultureInfo culture)
   at Microsoft.Extensions.DependencyInjection.ServiceLookup.CallSiteRuntimeResolver.VisitConstructor(ConstructorCallSite constructorCallSite, RuntimeResolverContext context)
   at Microsoft.Extensions.DependencyInjection.ServiceLookup.CallSiteRuntimeResolver.VisitCache(ServiceCallSite callSite, RuntimeResolverContext context, ServiceProviderEngineScope serviceProviderEngine, RuntimeResolverLock lockType)
   at Microsoft.Extensions.DependencyInjection.ServiceLookup.CallSiteRuntimeResolver.VisitScopeCache(ServiceCallSite callSite, RuntimeResolverContext context)
   at Microsoft.Extensions.DependencyInjection.ServiceLookup.CallSiteRuntimeResolver.VisitConstructor(ConstructorCallSite constructorCallSite, RuntimeResolverContext context)
   at Microsoft.Extensions.DependencyInjection.ServiceLookup.CallSiteRuntimeResolver.VisitCache(ServiceCallSite callSite, RuntimeResolverContext context, ServiceProviderEngineScope serviceProviderEngine, RuntimeResolverLock lockType)
   at Microsoft.Extensions.DependencyInjection.ServiceLookup.CallSiteRuntimeResolver.VisitScopeCache(ServiceCallSite callSite, RuntimeResolverContext context)
   at Microsoft.Extensions.DependencyInjection.ServiceLookup.CallSiteRuntimeResolver.Resolve(ServiceCallSite callSite, ServiceProviderEngineScope scope)
   at Microsoft.Extensions.DependencyInjection.ServiceLookup.DynamicServiceProviderEngine.<>c__DisplayClass2_0.<RealizeService>b__0(ServiceProviderEngineScope scope)
   at Microsoft.Extensions.DependencyInjection.ServiceProvider.GetService(ServiceIdentifier serviceIdentifier, ServiceProviderEngineScope serviceProviderEngineScope)
   at Microsoft.Extensions.DependencyInjection.ServiceLookup.ServiceProviderEngineScope.GetService(Type serviceType)
   at lambda_method193(Closure, IServiceProvider, Object[])
   at Microsoft.AspNetCore.Mvc.Controllers.ControllerFactoryProvider.<>c__DisplayClass6_0.<CreateControllerFactory>g__CreateController|0(ControllerContext controllerContext)
   at Microsoft.AspNetCore.Mvc.Infrastructure.ControllerActionInvoker.Next(State& next, Scope& scope, Object& state, Boolean& isCompleted)
   at Microsoft.AspNetCore.Mvc.Infrastructure.ControllerActionInvoker.InvokeInnerFilterAsync()
--- End of stack trace from previous location ---
   at Microsoft.AspNetCore.Mvc.Infrastructure.ResourceInvoker.<InvokeFilterPipelineAsync>g__Awaited|20_0(ResourceInvoker invoker, Task lastTask, State next, Scope scope, Object state, Boolean isCompleted)
   at Microsoft.AspNetCore.Mvc.Infrastructure.ResourceInvoker.<InvokeAsync>g__Logged|17_1(ResourceInvoker invoker)
   at Microsoft.AspNetCore.Mvc.Infrastructure.ResourceInvoker.<InvokeAsync>g__Logged|17_1(ResourceInvoker invoker)
   at Serilog.AspNetCore.RequestLoggingMiddleware.Invoke(HttpContext httpContext)
   at Microsoft.AspNetCore.Authorization.AuthorizationMiddleware.Invoke(HttpContext context)
   at Microsoft.AspNetCore.Authentication.AuthenticationMiddleware.Invoke(HttpContext context)
   at CulinaryBlog.Api.Middleware.ExceptionHandlingMiddleware.InvokeAsync(HttpContext context) in D:\PTUDWNC-2026-Nhom12\backend\src\CulinaryBlog.Api\Middleware\ExceptionHandlingMiddleware.cs:line 30
2026-10-06 05:43:32.785 +07:00 [ERR] HTTP POST /api/v1/auth/register responded 500 in 0.8092 ms
System.ArgumentException: IDX10703: Cannot create a 'Microsoft.IdentityModel.Tokens.SymmetricSecurityKey', key length is zero.
   at Microsoft.IdentityModel.Tokens.SymmetricSecurityKey..ctor(Byte[] key)
   at CulinaryBlog.Infrastructure.Authentication.JwtTokenGenerator..ctor(IOptions`1 options) in D:\PTUDWNC-2026-Nhom12\backend\src\CulinaryBlog.Infrastructure\Authentication\JwtTokenGenerator.cs:line 20
   at InvokeStub_JwtTokenGenerator..ctor(Object, Span`1)
   at System.Reflection.MethodBaseInvoker.InvokeWithOneArg(Object obj, BindingFlags invokeAttr, Binder binder, Object[] parameters, CultureInfo culture)
   at System.Reflection.RuntimeConstructorInfo.Invoke(BindingFlags invokeAttr, Binder binder, Object[] parameters, CultureInfo culture)
   at Microsoft.Extensions.DependencyInjection.ServiceLookup.CallSiteRuntimeResolver.VisitConstructor(ConstructorCallSite constructorCallSite, RuntimeResolverContext context)
   at Microsoft.Extensions.DependencyInjection.ServiceLookup.CallSiteRuntimeResolver.VisitCache(ServiceCallSite callSite, RuntimeResolverContext context, ServiceProviderEngineScope serviceProviderEngine, RuntimeResolverLock lockType)
   at Microsoft.Extensions.DependencyInjection.ServiceLookup.CallSiteRuntimeResolver.VisitScopeCache(ServiceCallSite callSite, RuntimeResolverContext context)
   at Microsoft.Extensions.DependencyInjection.ServiceLookup.CallSiteRuntimeResolver.VisitConstructor(ConstructorCallSite constructorCallSite, RuntimeResolverContext context)
   at Microsoft.Extensions.DependencyInjection.ServiceLookup.CallSiteRuntimeResolver.VisitCache(ServiceCallSite callSite, RuntimeResolverContext context, ServiceProviderEngineScope serviceProviderEngine, RuntimeResolverLock lockType)
   at Microsoft.Extensions.DependencyInjection.ServiceLookup.CallSiteRuntimeResolver.VisitScopeCache(ServiceCallSite callSite, RuntimeResolverContext context)
   at Microsoft.Extensions.DependencyInjection.ServiceLookup.CallSiteRuntimeResolver.Resolve(ServiceCallSite callSite, ServiceProviderEngineScope scope)
   at Microsoft.Extensions.DependencyInjection.ServiceLookup.DynamicServiceProviderEngine.<>c__DisplayClass2_0.<RealizeService>b__0(ServiceProviderEngineScope scope)
   at Microsoft.Extensions.DependencyInjection.ServiceProvider.GetService(ServiceIdentifier serviceIdentifier, ServiceProviderEngineScope serviceProviderEngineScope)
   at Microsoft.Extensions.DependencyInjection.ServiceLookup.ServiceProviderEngineScope.GetService(Type serviceType)
   at lambda_method193(Closure, IServiceProvider, Object[])
   at Microsoft.AspNetCore.Mvc.Controllers.ControllerFactoryProvider.<>c__DisplayClass6_0.<CreateControllerFactory>g__CreateController|0(ControllerContext controllerContext)
   at Microsoft.AspNetCore.Mvc.Infrastructure.ControllerActionInvoker.Next(State& next, Scope& scope, Object& state, Boolean& isCompleted)
   at Microsoft.AspNetCore.Mvc.Infrastructure.ControllerActionInvoker.InvokeInnerFilterAsync()
--- End of stack trace from previous location ---
   at Microsoft.AspNetCore.Mvc.Infrastructure.ResourceInvoker.<InvokeFilterPipelineAsync>g__Awaited|20_0(ResourceInvoker invoker, Task lastTask, State next, Scope scope, Object state, Boolean isCompleted)
   at Microsoft.AspNetCore.Mvc.Infrastructure.ResourceInvoker.<InvokeAsync>g__Logged|17_1(ResourceInvoker invoker)
   at Microsoft.AspNetCore.Mvc.Infrastructure.ResourceInvoker.<InvokeAsync>g__Logged|17_1(ResourceInvoker invoker)
   at Serilog.AspNetCore.RequestLoggingMiddleware.Invoke(HttpContext httpContext)
2026-10-06 05:43:32.795 +07:00 [ERR] Unhandled exception occurred. TraceId: 0HNP367TSVELK:00000005, Path: /api/v1/auth/register
System.ArgumentException: IDX10703: Cannot create a 'Microsoft.IdentityModel.Tokens.SymmetricSecurityKey', key length is zero.
   at Microsoft.IdentityModel.Tokens.SymmetricSecurityKey..ctor(Byte[] key)
   at CulinaryBlog.Infrastructure.Authentication.JwtTokenGenerator..ctor(IOptions`1 options) in D:\PTUDWNC-2026-Nhom12\backend\src\CulinaryBlog.Infrastructure\Authentication\JwtTokenGenerator.cs:line 20
   at InvokeStub_JwtTokenGenerator..ctor(Object, Span`1)
   at System.Reflection.MethodBaseInvoker.InvokeWithOneArg(Object obj, BindingFlags invokeAttr, Binder binder, Object[] parameters, CultureInfo culture)
   at System.Reflection.RuntimeConstructorInfo.Invoke(BindingFlags invokeAttr, Binder binder, Object[] parameters, CultureInfo culture)
   at Microsoft.Extensions.DependencyInjection.ServiceLookup.CallSiteRuntimeResolver.VisitConstructor(ConstructorCallSite constructorCallSite, RuntimeResolverContext context)
   at Microsoft.Extensions.DependencyInjection.ServiceLookup.CallSiteRuntimeResolver.VisitCache(ServiceCallSite callSite, RuntimeResolverContext context, ServiceProviderEngineScope serviceProviderEngine, RuntimeResolverLock lockType)
   at Microsoft.Extensions.DependencyInjection.ServiceLookup.CallSiteRuntimeResolver.VisitScopeCache(ServiceCallSite callSite, RuntimeResolverContext context)
   at Microsoft.Extensions.DependencyInjection.ServiceLookup.CallSiteRuntimeResolver.VisitConstructor(ConstructorCallSite constructorCallSite, RuntimeResolverContext context)
   at Microsoft.Extensions.DependencyInjection.ServiceLookup.CallSiteRuntimeResolver.VisitCache(ServiceCallSite callSite, RuntimeResolverContext context, ServiceProviderEngineScope serviceProviderEngine, RuntimeResolverLock lockType)
   at Microsoft.Extensions.DependencyInjection.ServiceLookup.CallSiteRuntimeResolver.VisitScopeCache(ServiceCallSite callSite, RuntimeResolverContext context)
   at Microsoft.Extensions.DependencyInjection.ServiceLookup.CallSiteRuntimeResolver.Resolve(ServiceCallSite callSite, ServiceProviderEngineScope scope)
   at Microsoft.Extensions.DependencyInjection.ServiceLookup.DynamicServiceProviderEngine.<>c__DisplayClass2_0.<RealizeService>b__0(ServiceProviderEngineScope scope)
   at Microsoft.Extensions.DependencyInjection.ServiceProvider.GetService(ServiceIdentifier serviceIdentifier, ServiceProviderEngineScope serviceProviderEngineScope)
   at Microsoft.Extensions.DependencyInjection.ServiceLookup.ServiceProviderEngineScope.GetService(Type serviceType)
   at lambda_method193(Closure, IServiceProvider, Object[])
   at Microsoft.AspNetCore.Mvc.Controllers.ControllerFactoryProvider.<>c__DisplayClass6_0.<CreateControllerFactory>g__CreateController|0(ControllerContext controllerContext)
   at Microsoft.AspNetCore.Mvc.Infrastructure.ControllerActionInvoker.Next(State& next, Scope& scope, Object& state, Boolean& isCompleted)
   at Microsoft.AspNetCore.Mvc.Infrastructure.ControllerActionInvoker.InvokeInnerFilterAsync()
--- End of stack trace from previous location ---
   at Microsoft.AspNetCore.Mvc.Infrastructure.ResourceInvoker.<InvokeFilterPipelineAsync>g__Awaited|20_0(ResourceInvoker invoker, Task lastTask, State next, Scope scope, Object state, Boolean isCompleted)
   at Microsoft.AspNetCore.Mvc.Infrastructure.ResourceInvoker.<InvokeAsync>g__Logged|17_1(ResourceInvoker invoker)
   at Microsoft.AspNetCore.Mvc.Infrastructure.ResourceInvoker.<InvokeAsync>g__Logged|17_1(ResourceInvoker invoker)
   at Serilog.AspNetCore.RequestLoggingMiddleware.Invoke(HttpContext httpContext)
   at Microsoft.AspNetCore.Authorization.AuthorizationMiddleware.Invoke(HttpContext context)
   at Microsoft.AspNetCore.Authentication.AuthenticationMiddleware.Invoke(HttpContext context)
   at CulinaryBlog.Api.Middleware.ExceptionHandlingMiddleware.InvokeAsync(HttpContext context) in D:\PTUDWNC-2026-Nhom12\backend\src\CulinaryBlog.Api\Middleware\ExceptionHandlingMiddleware.cs:line 30
2026-10-06 05:43:44.220 +07:00 [INF] HTTP GET / responded 404 in 0.1135 ms
2026-10-06 05:43:46.497 +07:00 [INF] HTTP GET / responded 404 in 0.0181 ms
2026-10-06 06:09:31.324 +07:00 [INF] Starting CulinaryBlog API
2026-10-06 06:09:31.544 +07:00 [INF] Starting database initialization...
2026-10-06 06:09:32.027 +07:00 [WRN] Entity 'Recipe' has a global query filter defined and is the required end of a relationship with the entity 'RecipeImage'. This may lead to unexpected results when the required entity is filtered out. Either configure the navigation as optional, or define matching query filters for both entities in the navigation. See https://go.microsoft.com/fwlink/?linkid=2131316 for more information.
2026-10-06 06:09:32.028 +07:00 [WRN] Entity 'Recipe' has a global query filter defined and is the required end of a relationship with the entity 'RecipeIngredient'. This may lead to unexpected results when the required entity is filtered out. Either configure the navigation as optional, or define matching query filters for both entities in the navigation. See https://go.microsoft.com/fwlink/?linkid=2131316 for more information.
2026-10-06 06:09:32.028 +07:00 [WRN] Entity 'Recipe' has a global query filter defined and is the required end of a relationship with the entity 'RecipeStep'. This may lead to unexpected results when the required entity is filtered out. Either configure the navigation as optional, or define matching query filters for both entities in the navigation. See https://go.microsoft.com/fwlink/?linkid=2131316 for more information.
2026-10-06 06:09:32.336 +07:00 [ERR] Failed executing DbCommand (21ms) [Parameters=[], CommandType='"Text"', CommandTimeout='30']
SELECT "MigrationId", "ProductVersion"
FROM "__EFMigrationsHistory"
ORDER BY "MigrationId";
2026-10-06 06:09:32.723 +07:00 [INF] Database migrations applied.
2026-10-06 06:09:33.260 +07:00 [INF] Created admin user: admin@culinaryblog.com
2026-10-06 06:09:33.294 +07:00 [INF] Database initialization completed.
2026-10-06 06:09:33.320 +07:00 [INF] Start installing Hangfire SQL objects...
2026-10-06 06:09:33.751 +07:00 [INF] Hangfire SQL objects installed.
2026-10-06 06:09:33.948 +07:00 [INF] Starting Hangfire Server using job storage: 'PostgreSQL Server: Host: 127.0.0.1, DB: culinaryblog_db, Schema: hangfire'
2026-10-06 06:09:33.948 +07:00 [INF] Using the following options for PostgreSQL job storage:
2026-10-06 06:09:33.948 +07:00 [INF]     Queue poll interval: 00:00:15.
2026-10-06 06:09:33.948 +07:00 [INF]     Invisibility timeout: 00:30:00.
2026-10-06 06:09:33.948 +07:00 [INF]     Use sliding invisibility timeout: False.
2026-10-06 06:09:33.948 +07:00 [INF] Using the following options for Hangfire Server:
    Worker count: 20
    Listening queues: 'default'
    Shutdown timeout: 00:00:15
    Schedule polling interval: 00:00:15
2026-10-06 06:09:34.034 +07:00 [INF] Server quocnv:14164:89ac186f successfully announced in 76,7217 ms
2026-10-06 06:09:34.036 +07:00 [INF] Server quocnv:14164:89ac186f is starting the registered dispatchers: ServerWatchdog, ServerJobCancellationWatcher, ExpirationManager, CountersAggregator, Worker, DelayedJobScheduler, RecurringJobScheduler...
2026-10-06 06:09:34.045 +07:00 [INF] Server quocnv:14164:89ac186f all the dispatchers started
2026-10-06 06:12:17.001 +07:00 [ERR] HTTP POST /api/v1/auth/register responded 500 in 40.8762 ms
System.InvalidOperationException: JWT signing key is not configured. Configure a non-empty 'Jwt:SecretKey' value in appsettings.json / appsettings.Development.json and verify no environment variable (e.g. 'Jwt__SecretKey') or external config source is overriding it with an empty value.
   at CulinaryBlog.Infrastructure.Authentication.JwtTokenGenerator..ctor(IOptions`1 options) in D:\PTUDWNC-2026-Nhom12\backend\src\CulinaryBlog.Infrastructure\Authentication\JwtTokenGenerator.cs:line 23
   at System.RuntimeMethodHandle.InvokeMethod(ObjectHandleOnStack target, Void** arguments, ObjectHandleOnStack sig, BOOL isConstructor, ObjectHandleOnStack result)
   at System.Reflection.MethodBaseInvoker.InterpretedInvoke_Constructor(Object obj, IntPtr* args)
   at System.Reflection.MethodBaseInvoker.InvokeDirectByRefWithFewArgs(Object obj, Span`1 copyOfArgs, BindingFlags invokeAttr)
   at System.Reflection.MethodBaseInvoker.InvokeWithOneArg(Object obj, BindingFlags invokeAttr, Binder binder, Object[] parameters, CultureInfo culture)
   at System.Reflection.RuntimeConstructorInfo.Invoke(BindingFlags invokeAttr, Binder binder, Object[] parameters, CultureInfo culture)
   at Microsoft.Extensions.DependencyInjection.ServiceLookup.CallSiteRuntimeResolver.VisitConstructor(ConstructorCallSite constructorCallSite, RuntimeResolverContext context)
   at Microsoft.Extensions.DependencyInjection.ServiceLookup.CallSiteRuntimeResolver.VisitCache(ServiceCallSite callSite, RuntimeResolverContext context, ServiceProviderEngineScope serviceProviderEngine, RuntimeResolverLock lockType)
   at Microsoft.Extensions.DependencyInjection.ServiceLookup.CallSiteRuntimeResolver.VisitScopeCache(ServiceCallSite callSite, RuntimeResolverContext context)
   at Microsoft.Extensions.DependencyInjection.ServiceLookup.CallSiteRuntimeResolver.VisitConstructor(ConstructorCallSite constructorCallSite, RuntimeResolverContext context)
   at Microsoft.Extensions.DependencyInjection.ServiceLookup.CallSiteRuntimeResolver.VisitCache(ServiceCallSite callSite, RuntimeResolverContext context, ServiceProviderEngineScope serviceProviderEngine, RuntimeResolverLock lockType)
   at Microsoft.Extensions.DependencyInjection.ServiceLookup.CallSiteRuntimeResolver.VisitScopeCache(ServiceCallSite callSite, RuntimeResolverContext context)
   at Microsoft.Extensions.DependencyInjection.ServiceLookup.CallSiteRuntimeResolver.Resolve(ServiceCallSite callSite, ServiceProviderEngineScope scope)
   at Microsoft.Extensions.DependencyInjection.ServiceLookup.DynamicServiceProviderEngine.<>c__DisplayClass2_0.<RealizeService>b__0(ServiceProviderEngineScope scope)
   at Microsoft.Extensions.DependencyInjection.ServiceProvider.GetService(ServiceIdentifier serviceIdentifier, ServiceProviderEngineScope serviceProviderEngineScope)
   at Microsoft.Extensions.DependencyInjection.ServiceLookup.ServiceProviderEngineScope.GetService(Type serviceType)
   at lambda_method311(Closure, IServiceProvider, Object[])
   at Microsoft.AspNetCore.Mvc.Controllers.ControllerFactoryProvider.<>c__DisplayClass6_0.<CreateControllerFactory>g__CreateController|0(ControllerContext controllerContext)
   at Microsoft.AspNetCore.Mvc.Infrastructure.ControllerActionInvoker.Next(State& next, Scope& scope, Object& state, Boolean& isCompleted)
   at Microsoft.AspNetCore.Mvc.Infrastructure.ControllerActionInvoker.InvokeInnerFilterAsync()
--- End of stack trace from previous location ---
   at Microsoft.AspNetCore.Mvc.Infrastructure.ResourceInvoker.<InvokeFilterPipelineAsync>g__Awaited|20_0(ResourceInvoker invoker, Task lastTask, State next, Scope scope, Object state, Boolean isCompleted)
   at Microsoft.AspNetCore.Mvc.Infrastructure.ResourceInvoker.<InvokeAsync>g__Logged|17_1(ResourceInvoker invoker)
   at Microsoft.AspNetCore.Mvc.Infrastructure.ResourceInvoker.<InvokeAsync>g__Logged|17_1(ResourceInvoker invoker)
   at Serilog.AspNetCore.RequestLoggingMiddleware.Invoke(HttpContext httpContext)
2026-10-06 06:12:17.047 +07:00 [ERR] Unhandled exception occurred. TraceId: 0HNP36OCJ2OUU:00000001, Path: /api/v1/auth/register
System.InvalidOperationException: JWT signing key is not configured. Configure a non-empty 'Jwt:SecretKey' value in appsettings.json / appsettings.Development.json and verify no environment variable (e.g. 'Jwt__SecretKey') or external config source is overriding it with an empty value.
   at CulinaryBlog.Infrastructure.Authentication.JwtTokenGenerator..ctor(IOptions`1 options) in D:\PTUDWNC-2026-Nhom12\backend\src\CulinaryBlog.Infrastructure\Authentication\JwtTokenGenerator.cs:line 23
   at System.RuntimeMethodHandle.InvokeMethod(ObjectHandleOnStack target, Void** arguments, ObjectHandleOnStack sig, BOOL isConstructor, ObjectHandleOnStack result)
   at System.Reflection.MethodBaseInvoker.InterpretedInvoke_Constructor(Object obj, IntPtr* args)
   at System.Reflection.MethodBaseInvoker.InvokeDirectByRefWithFewArgs(Object obj, Span`1 copyOfArgs, BindingFlags invokeAttr)
   at System.Reflection.MethodBaseInvoker.InvokeWithOneArg(Object obj, BindingFlags invokeAttr, Binder binder, Object[] parameters, CultureInfo culture)
   at System.Reflection.RuntimeConstructorInfo.Invoke(BindingFlags invokeAttr, Binder binder, Object[] parameters, CultureInfo culture)
   at Microsoft.Extensions.DependencyInjection.ServiceLookup.CallSiteRuntimeResolver.VisitConstructor(ConstructorCallSite constructorCallSite, RuntimeResolverContext context)
   at Microsoft.Extensions.DependencyInjection.ServiceLookup.CallSiteRuntimeResolver.VisitCache(ServiceCallSite callSite, RuntimeResolverContext context, ServiceProviderEngineScope serviceProviderEngine, RuntimeResolverLock lockType)
   at Microsoft.Extensions.DependencyInjection.ServiceLookup.CallSiteRuntimeResolver.VisitScopeCache(ServiceCallSite callSite, RuntimeResolverContext context)
   at Microsoft.Extensions.DependencyInjection.ServiceLookup.CallSiteRuntimeResolver.VisitConstructor(ConstructorCallSite constructorCallSite, RuntimeResolverContext context)
   at Microsoft.Extensions.DependencyInjection.ServiceLookup.CallSiteRuntimeResolver.VisitCache(ServiceCallSite callSite, RuntimeResolverContext context, ServiceProviderEngineScope serviceProviderEngine, RuntimeResolverLock lockType)
   at Microsoft.Extensions.DependencyInjection.ServiceLookup.CallSiteRuntimeResolver.VisitScopeCache(ServiceCallSite callSite, RuntimeResolverContext context)
   at Microsoft.Extensions.DependencyInjection.ServiceLookup.CallSiteRuntimeResolver.Resolve(ServiceCallSite callSite, ServiceProviderEngineScope scope)
   at Microsoft.Extensions.DependencyInjection.ServiceLookup.DynamicServiceProviderEngine.<>c__DisplayClass2_0.<RealizeService>b__0(ServiceProviderEngineScope scope)
   at Microsoft.Extensions.DependencyInjection.ServiceProvider.GetService(ServiceIdentifier serviceIdentifier, ServiceProviderEngineScope serviceProviderEngineScope)
   at Microsoft.Extensions.DependencyInjection.ServiceLookup.ServiceProviderEngineScope.GetService(Type serviceType)
   at lambda_method311(Closure, IServiceProvider, Object[])
   at Microsoft.AspNetCore.Mvc.Controllers.ControllerFactoryProvider.<>c__DisplayClass6_0.<CreateControllerFactory>g__CreateController|0(ControllerContext controllerContext)
   at Microsoft.AspNetCore.Mvc.Infrastructure.ControllerActionInvoker.Next(State& next, Scope& scope, Object& state, Boolean& isCompleted)
   at Microsoft.AspNetCore.Mvc.Infrastructure.ControllerActionInvoker.InvokeInnerFilterAsync()
--- End of stack trace from previous location ---
   at Microsoft.AspNetCore.Mvc.Infrastructure.ResourceInvoker.<InvokeFilterPipelineAsync>g__Awaited|20_0(ResourceInvoker invoker, Task lastTask, State next, Scope scope, Object state, Boolean isCompleted)
   at Microsoft.AspNetCore.Mvc.Infrastructure.ResourceInvoker.<InvokeAsync>g__Logged|17_1(ResourceInvoker invoker)
   at Microsoft.AspNetCore.Mvc.Infrastructure.ResourceInvoker.<InvokeAsync>g__Logged|17_1(ResourceInvoker invoker)
   at Serilog.AspNetCore.RequestLoggingMiddleware.Invoke(HttpContext httpContext)
   at Microsoft.AspNetCore.Authorization.AuthorizationMiddleware.Invoke(HttpContext context)
   at Microsoft.AspNetCore.Authentication.AuthenticationMiddleware.Invoke(HttpContext context)
   at CulinaryBlog.Api.Middleware.ExceptionHandlingMiddleware.InvokeAsync(HttpContext context) in D:\PTUDWNC-2026-Nhom12\backend\src\CulinaryBlog.Api\Middleware\ExceptionHandlingMiddleware.cs:line 30
2026-10-06 06:28:20.635 +07:00 [INF] Starting CulinaryBlog API
2026-10-06 06:28:20.866 +07:00 [INF] Starting database initialization...
2026-10-06 06:28:21.350 +07:00 [WRN] Entity 'Recipe' has a global query filter defined and is the required end of a relationship with the entity 'RecipeImage'. This may lead to unexpected results when the required entity is filtered out. Either configure the navigation as optional, or define matching query filters for both entities in the navigation. See https://go.microsoft.com/fwlink/?linkid=2131316 for more information.
2026-10-06 06:28:21.351 +07:00 [WRN] Entity 'Recipe' has a global query filter defined and is the required end of a relationship with the entity 'RecipeIngredient'. This may lead to unexpected results when the required entity is filtered out. Either configure the navigation as optional, or define matching query filters for both entities in the navigation. See https://go.microsoft.com/fwlink/?linkid=2131316 for more information.
2026-10-06 06:28:21.351 +07:00 [WRN] Entity 'Recipe' has a global query filter defined and is the required end of a relationship with the entity 'RecipeStep'. This may lead to unexpected results when the required entity is filtered out. Either configure the navigation as optional, or define matching query filters for both entities in the navigation. See https://go.microsoft.com/fwlink/?linkid=2131316 for more information.
2026-10-06 06:28:21.819 +07:00 [INF] Database migrations applied.
2026-10-06 06:28:22.141 +07:00 [INF] Admin user already exists: admin@culinaryblog.com
2026-10-06 06:28:22.169 +07:00 [INF] Database initialization completed.
2026-10-06 06:28:22.194 +07:00 [INF] Start installing Hangfire SQL objects...
2026-10-06 06:28:22.216 +07:00 [INF] Hangfire SQL objects installed.
2026-10-06 06:28:22.403 +07:00 [INF] Starting Hangfire Server using job storage: 'PostgreSQL Server: Host: 127.0.0.1, DB: culinaryblog_db, Schema: hangfire'
2026-10-06 06:28:22.403 +07:00 [INF] Using the following options for PostgreSQL job storage:
2026-10-06 06:28:22.403 +07:00 [INF]     Queue poll interval: 00:00:15.
2026-10-06 06:28:22.404 +07:00 [INF]     Invisibility timeout: 00:30:00.
2026-10-06 06:28:22.404 +07:00 [INF]     Use sliding invisibility timeout: False.
2026-10-06 06:28:22.404 +07:00 [INF] Using the following options for Hangfire Server:
    Worker count: 20
    Listening queues: 'default'
    Shutdown timeout: 00:00:15
    Schedule polling interval: 00:00:15
2026-10-06 06:28:22.489 +07:00 [INF] Server quocnv:9756:0fcf53b3 successfully announced in 76,5533 ms
2026-10-06 06:28:22.491 +07:00 [INF] Server quocnv:9756:0fcf53b3 is starting the registered dispatchers: ServerWatchdog, ServerJobCancellationWatcher, ExpirationManager, CountersAggregator, Worker, DelayedJobScheduler, RecurringJobScheduler...
2026-10-06 06:28:22.502 +07:00 [INF] Server quocnv:9756:0fcf53b3 all the dispatchers started
2026-10-06 06:30:44.031 +07:00 [ERR] HTTP POST /api/v1/auth/register responded 500 in 39.3998 ms
System.InvalidOperationException: JWT signing key is not configured. Configure a non-empty 'Jwt:SecretKey' value in appsettings.json / appsettings.Development.json and verify no environment variable (e.g. 'Jwt__SecretKey') or external config source is overriding it with an empty value.
   at CulinaryBlog.Infrastructure.Authentication.JwtTokenGenerator..ctor(IOptions`1 options) in D:\PTUDWNC-2026-Nhom12\backend\src\CulinaryBlog.Infrastructure\Authentication\JwtTokenGenerator.cs:line 23
   at System.Reflection.MethodBaseInvoker.InterpretedInvoke_Constructor(Object obj, IntPtr* args)
   at System.Reflection.MethodBaseInvoker.InvokeDirectByRefWithFewArgs(Object obj, Span`1 copyOfArgs, BindingFlags invokeAttr)
   at System.Reflection.MethodBaseInvoker.InvokeWithOneArg(Object obj, BindingFlags invokeAttr, Binder binder, Object[] parameters, CultureInfo culture)
   at System.Reflection.RuntimeConstructorInfo.Invoke(BindingFlags invokeAttr, Binder binder, Object[] parameters, CultureInfo culture)
   at Microsoft.Extensions.DependencyInjection.ServiceLookup.CallSiteRuntimeResolver.VisitConstructor(ConstructorCallSite constructorCallSite, RuntimeResolverContext context)
   at Microsoft.Extensions.DependencyInjection.ServiceLookup.CallSiteRuntimeResolver.VisitCache(ServiceCallSite callSite, RuntimeResolverContext context, ServiceProviderEngineScope serviceProviderEngine, RuntimeResolverLock lockType)
   at Microsoft.Extensions.DependencyInjection.ServiceLookup.CallSiteRuntimeResolver.VisitScopeCache(ServiceCallSite callSite, RuntimeResolverContext context)
   at Microsoft.Extensions.DependencyInjection.ServiceLookup.CallSiteVisitor`2.VisitCallSite(ServiceCallSite callSite, TArgument argument)
   at Microsoft.Extensions.DependencyInjection.ServiceLookup.CallSiteRuntimeResolver.VisitConstructor(ConstructorCallSite constructorCallSite, RuntimeResolverContext context)
   at Microsoft.Extensions.DependencyInjection.ServiceLookup.CallSiteRuntimeResolver.VisitCache(ServiceCallSite callSite, RuntimeResolverContext context, ServiceProviderEngineScope serviceProviderEngine, RuntimeResolverLock lockType)
   at Microsoft.Extensions.DependencyInjection.ServiceLookup.CallSiteRuntimeResolver.VisitScopeCache(ServiceCallSite callSite, RuntimeResolverContext context)
   at Microsoft.Extensions.DependencyInjection.ServiceLookup.CallSiteVisitor`2.VisitCallSite(ServiceCallSite callSite, TArgument argument)
   at Microsoft.Extensions.DependencyInjection.ServiceLookup.CallSiteRuntimeResolver.Resolve(ServiceCallSite callSite, ServiceProviderEngineScope scope)
   at Microsoft.Extensions.DependencyInjection.ServiceLookup.DynamicServiceProviderEngine.<>c__DisplayClass2_0.<RealizeService>b__0(ServiceProviderEngineScope scope)
   at Microsoft.Extensions.DependencyInjection.ServiceProvider.GetService(ServiceIdentifier serviceIdentifier, ServiceProviderEngineScope serviceProviderEngineScope)
   at Microsoft.Extensions.DependencyInjection.ServiceLookup.ServiceProviderEngineScope.GetService(Type serviceType)
   at lambda_method193(Closure, IServiceProvider, Object[])
   at Microsoft.AspNetCore.Mvc.Controllers.ControllerFactoryProvider.<>c__DisplayClass6_0.<CreateControllerFactory>g__CreateController|0(ControllerContext controllerContext)
   at Microsoft.AspNetCore.Mvc.Infrastructure.ControllerActionInvoker.Next(State& next, Scope& scope, Object& state, Boolean& isCompleted)
   at Microsoft.AspNetCore.Mvc.Infrastructure.ControllerActionInvoker.InvokeInnerFilterAsync()
--- End of stack trace from previous location ---
   at Microsoft.AspNetCore.Mvc.Infrastructure.ResourceInvoker.<InvokeFilterPipelineAsync>g__Awaited|20_0(ResourceInvoker invoker, Task lastTask, State next, Scope scope, Object state, Boolean isCompleted)
   at Microsoft.AspNetCore.Mvc.Infrastructure.ResourceInvoker.<InvokeAsync>g__Logged|17_1(ResourceInvoker invoker)
   at Microsoft.AspNetCore.Mvc.Infrastructure.ResourceInvoker.<InvokeAsync>g__Logged|17_1(ResourceInvoker invoker)
   at Serilog.AspNetCore.RequestLoggingMiddleware.Invoke(HttpContext httpContext)
2026-10-06 06:30:44.058 +07:00 [ERR] Unhandled exception occurred. TraceId: 0HNP372MGNESS:00000001, Path: /api/v1/auth/register
System.InvalidOperationException: JWT signing key is not configured. Configure a non-empty 'Jwt:SecretKey' value in appsettings.json / appsettings.Development.json and verify no environment variable (e.g. 'Jwt__SecretKey') or external config source is overriding it with an empty value.
   at CulinaryBlog.Infrastructure.Authentication.JwtTokenGenerator..ctor(IOptions`1 options) in D:\PTUDWNC-2026-Nhom12\backend\src\CulinaryBlog.Infrastructure\Authentication\JwtTokenGenerator.cs:line 23
   at System.Reflection.MethodBaseInvoker.InterpretedInvoke_Constructor(Object obj, IntPtr* args)
   at System.Reflection.MethodBaseInvoker.InvokeDirectByRefWithFewArgs(Object obj, Span`1 copyOfArgs, BindingFlags invokeAttr)
   at System.Reflection.MethodBaseInvoker.InvokeWithOneArg(Object obj, BindingFlags invokeAttr, Binder binder, Object[] parameters, CultureInfo culture)
   at System.Reflection.RuntimeConstructorInfo.Invoke(BindingFlags invokeAttr, Binder binder, Object[] parameters, CultureInfo culture)
   at Microsoft.Extensions.DependencyInjection.ServiceLookup.CallSiteRuntimeResolver.VisitConstructor(ConstructorCallSite constructorCallSite, RuntimeResolverContext context)
   at Microsoft.Extensions.DependencyInjection.ServiceLookup.CallSiteRuntimeResolver.VisitCache(ServiceCallSite callSite, RuntimeResolverContext context, ServiceProviderEngineScope serviceProviderEngine, RuntimeResolverLock lockType)
   at Microsoft.Extensions.DependencyInjection.ServiceLookup.CallSiteRuntimeResolver.VisitScopeCache(ServiceCallSite callSite, RuntimeResolverContext context)
   at Microsoft.Extensions.DependencyInjection.ServiceLookup.CallSiteVisitor`2.VisitCallSite(ServiceCallSite callSite, TArgument argument)
   at Microsoft.Extensions.DependencyInjection.ServiceLookup.CallSiteRuntimeResolver.VisitConstructor(ConstructorCallSite constructorCallSite, RuntimeResolverContext context)
   at Microsoft.Extensions.DependencyInjection.ServiceLookup.CallSiteRuntimeResolver.VisitCache(ServiceCallSite callSite, RuntimeResolverContext context, ServiceProviderEngineScope serviceProviderEngine, RuntimeResolverLock lockType)
   at Microsoft.Extensions.DependencyInjection.ServiceLookup.CallSiteRuntimeResolver.VisitScopeCache(ServiceCallSite callSite, RuntimeResolverContext context)
   at Microsoft.Extensions.DependencyInjection.ServiceLookup.CallSiteVisitor`2.VisitCallSite(ServiceCallSite callSite, TArgument argument)
   at Microsoft.Extensions.DependencyInjection.ServiceLookup.CallSiteRuntimeResolver.Resolve(ServiceCallSite callSite, ServiceProviderEngineScope scope)
   at Microsoft.Extensions.DependencyInjection.ServiceLookup.DynamicServiceProviderEngine.<>c__DisplayClass2_0.<RealizeService>b__0(ServiceProviderEngineScope scope)
   at Microsoft.Extensions.DependencyInjection.ServiceProvider.GetService(ServiceIdentifier serviceIdentifier, ServiceProviderEngineScope serviceProviderEngineScope)
   at Microsoft.Extensions.DependencyInjection.ServiceLookup.ServiceProviderEngineScope.GetService(Type serviceType)
   at lambda_method193(Closure, IServiceProvider, Object[])
   at Microsoft.AspNetCore.Mvc.Controllers.ControllerFactoryProvider.<>c__DisplayClass6_0.<CreateControllerFactory>g__CreateController|0(ControllerContext controllerContext)
   at Microsoft.AspNetCore.Mvc.Infrastructure.ControllerActionInvoker.Next(State& next, Scope& scope, Object& state, Boolean& isCompleted)
   at Microsoft.AspNetCore.Mvc.Infrastructure.ControllerActionInvoker.InvokeInnerFilterAsync()
--- End of stack trace from previous location ---
   at Microsoft.AspNetCore.Mvc.Infrastructure.ResourceInvoker.<InvokeFilterPipelineAsync>g__Awaited|20_0(ResourceInvoker invoker, Task lastTask, State next, Scope scope, Object state, Boolean isCompleted)
   at Microsoft.AspNetCore.Mvc.Infrastructure.ResourceInvoker.<InvokeAsync>g__Logged|17_1(ResourceInvoker invoker)
   at Microsoft.AspNetCore.Mvc.Infrastructure.ResourceInvoker.<InvokeAsync>g__Logged|17_1(ResourceInvoker invoker)
   at Serilog.AspNetCore.RequestLoggingMiddleware.Invoke(HttpContext httpContext)
   at Microsoft.AspNetCore.Authorization.AuthorizationMiddleware.Invoke(HttpContext context)
   at Microsoft.AspNetCore.Authentication.AuthenticationMiddleware.Invoke(HttpContext context)
   at CulinaryBlog.Api.Middleware.ExceptionHandlingMiddleware.InvokeAsync(HttpContext context) in D:\PTUDWNC-2026-Nhom12\backend\src\CulinaryBlog.Api\Middleware\ExceptionHandlingMiddleware.cs:line 30
2026-10-06 06:33:22.514 +07:00 [INF] 1 servers were removed due to timeout
2026-10-06 06:37:38.491 +07:00 [INF] Starting CulinaryBlog API
2026-10-06 06:37:38.705 +07:00 [INF] Starting database initialization...
2026-10-06 06:37:39.180 +07:00 [WRN] Entity 'Recipe' has a global query filter defined and is the required end of a relationship with the entity 'RecipeImage'. This may lead to unexpected results when the required entity is filtered out. Either configure the navigation as optional, or define matching query filters for both entities in the navigation. See https://go.microsoft.com/fwlink/?linkid=2131316 for more information.
2026-10-06 06:37:39.181 +07:00 [WRN] Entity 'Recipe' has a global query filter defined and is the required end of a relationship with the entity 'RecipeIngredient'. This may lead to unexpected results when the required entity is filtered out. Either configure the navigation as optional, or define matching query filters for both entities in the navigation. See https://go.microsoft.com/fwlink/?linkid=2131316 for more information.
2026-10-06 06:37:39.181 +07:00 [WRN] Entity 'Recipe' has a global query filter defined and is the required end of a relationship with the entity 'RecipeStep'. This may lead to unexpected results when the required entity is filtered out. Either configure the navigation as optional, or define matching query filters for both entities in the navigation. See https://go.microsoft.com/fwlink/?linkid=2131316 for more information.
2026-10-06 06:37:39.638 +07:00 [INF] Database migrations applied.
2026-10-06 06:37:39.958 +07:00 [INF] Admin user already exists: admin@culinaryblog.com
2026-10-06 06:37:39.987 +07:00 [INF] Database initialization completed.
2026-10-06 06:37:40.014 +07:00 [INF] Start installing Hangfire SQL objects...
2026-10-06 06:37:40.072 +07:00 [INF] Hangfire SQL objects installed.
2026-10-06 06:37:40.258 +07:00 [INF] Starting Hangfire Server using job storage: 'PostgreSQL Server: Host: 127.0.0.1, DB: culinaryblog_db, Schema: hangfire'
2026-10-06 06:37:40.258 +07:00 [INF] Using the following options for PostgreSQL job storage:
2026-10-06 06:37:40.259 +07:00 [INF]     Queue poll interval: 00:00:15.
2026-10-06 06:37:40.259 +07:00 [INF]     Invisibility timeout: 00:30:00.
2026-10-06 06:37:40.259 +07:00 [INF]     Use sliding invisibility timeout: False.
2026-10-06 06:37:40.259 +07:00 [INF] Using the following options for Hangfire Server:
    Worker count: 20
    Listening queues: 'default'
    Shutdown timeout: 00:00:15
    Schedule polling interval: 00:00:15
2026-10-06 06:37:40.348 +07:00 [INF] Server quocnv:27940:0a410bcb successfully announced in 80,759 ms
2026-10-06 06:37:40.351 +07:00 [INF] Server quocnv:27940:0a410bcb is starting the registered dispatchers: ServerWatchdog, ServerJobCancellationWatcher, ExpirationManager, CountersAggregator, Worker, DelayedJobScheduler, RecurringJobScheduler...
2026-10-06 06:37:40.358 +07:00 [INF] Server quocnv:27940:0a410bcb all the dispatchers started
2026-10-06 06:38:03.036 +07:00 [INF] HTTP POST /api/v1/auth/register responded 400 in 57.0381 ms
2026-10-06 06:38:03.043 +07:00 [WRN] Connection processing ended abnormally.
System.InvalidOperationException: Reading is already in progress.
   at System.IO.Pipelines.ThrowHelper.ThrowInvalidOperationException_AlreadyReading()
   at System.IO.Pipelines.Pipe.GetReadResult(ReadResult& result)
   at System.IO.Pipelines.Pipe.ReadAsync(CancellationToken token)
   at Microsoft.AspNetCore.Server.Kestrel.Core.Internal.Http.Http1Connection.BeginRead(ValueTask`1& awaitable)
   at Microsoft.AspNetCore.Server.Kestrel.Core.Internal.Http.HttpProtocol.ProcessRequests[TContext](IHttpApplication`1 application)
   at Microsoft.AspNetCore.Server.Kestrel.Core.Internal.Http.HttpProtocol.ProcessRequestsAsync[TContext](IHttpApplication`1 application)
2026-10-06 06:38:43.640 +07:00 [INF] HTTP POST /api/v1/auth/register responded 201 in 358.1333 ms
2026-10-06 06:39:11.087 +07:00 [INF] HTTP POST /api/v1/auth/login responded 200 in 171.5248 ms
2026-10-06 06:41:32.752 +07:00 [INF] Starting CulinaryBlog API
2026-10-06 06:41:36.706 +07:00 [INF] Starting database initialization...
2026-10-06 06:41:37.971 +07:00 [WRN] Entity 'Recipe' has a global query filter defined and is the required end of a relationship with the entity 'RecipeImage'. This may lead to unexpected results when the required entity is filtered out. Either configure the navigation as optional, or define matching query filters for both entities in the navigation. See https://go.microsoft.com/fwlink/?linkid=2131316 for more information.
2026-10-06 06:41:37.974 +07:00 [WRN] Entity 'Recipe' has a global query filter defined and is the required end of a relationship with the entity 'RecipeIngredient'. This may lead to unexpected results when the required entity is filtered out. Either configure the navigation as optional, or define matching query filters for both entities in the navigation. See https://go.microsoft.com/fwlink/?linkid=2131316 for more information.
2026-10-06 06:41:37.975 +07:00 [WRN] Entity 'Recipe' has a global query filter defined and is the required end of a relationship with the entity 'RecipeStep'. This may lead to unexpected results when the required entity is filtered out. Either configure the navigation as optional, or define matching query filters for both entities in the navigation. See https://go.microsoft.com/fwlink/?linkid=2131316 for more information.
2026-10-06 06:41:38.455 +07:00 [INF] Database migrations applied.
2026-10-06 06:41:38.796 +07:00 [INF] Admin user already exists: admin@culinaryblog.com
2026-10-06 06:41:38.826 +07:00 [INF] Database initialization completed.
2026-10-06 06:41:39.189 +07:00 [INF] Start installing Hangfire SQL objects...
2026-10-06 06:41:39.244 +07:00 [INF] Hangfire SQL objects installed.
2026-10-06 06:41:39.453 +07:00 [INF] Starting Hangfire Server using job storage: 'PostgreSQL Server: Host: 127.0.0.1, DB: culinaryblog_db, Schema: hangfire'
2026-10-06 06:41:39.454 +07:00 [INF] Using the following options for PostgreSQL job storage:
2026-10-06 06:41:39.455 +07:00 [INF]     Queue poll interval: 00:00:15.
2026-10-06 06:41:39.456 +07:00 [INF]     Invisibility timeout: 00:30:00.
2026-10-06 06:41:39.456 +07:00 [INF]     Use sliding invisibility timeout: False.
2026-10-06 06:41:39.457 +07:00 [INF] Using the following options for Hangfire Server:
    Worker count: 20
    Listening queues: 'default'
    Shutdown timeout: 00:00:15
    Schedule polling interval: 00:00:15
2026-10-06 06:41:39.785 +07:00 [INF] Server quocnv:27656:6f3952d0 successfully announced in 317,9161 ms
2026-10-06 06:41:39.788 +07:00 [INF] Server quocnv:27656:6f3952d0 is starting the registered dispatchers: ServerWatchdog, ServerJobCancellationWatcher, ExpirationManager, CountersAggregator, Worker, DelayedJobScheduler, RecurringJobScheduler...
2026-10-06 06:41:39.799 +07:00 [INF] Server quocnv:27656:6f3952d0 all the dispatchers started
2026-10-06 06:41:47.958 +07:00 [INF] HTTP POST /api/v1/auth/register responded 201 in 904.1247 ms
2026-10-06 06:43:05.184 +07:00 [INF] HTTP POST /api/v1/auth/revoke responded 204 in 182.5608 ms
2026-10-06 06:43:11.363 +07:00 [INF] HTTP POST /api/v1/auth/login responded 200 in 227.1106 ms
2026-10-06 06:43:51.012 +07:00 [INF] HTTP POST /api/v1/auth/revoke responded 204 in 21.3248 ms
2026-10-06 06:46:39.835 +07:00 [INF] 2 servers were removed due to timeout
2026-10-06 06:54:02.187 +07:00 [INF] HTTP POST /api/v1/auth/login responded 200 in 139.5191 ms
2026-10-06 06:54:02.726 +07:00 [INF] HTTP GET /api/v1/auth/me responded 200 in 54.8696 ms
2026-10-06 06:54:06.748 +07:00 [INF] HTTP POST /api/v1/auth/login responded 200 in 173.4295 ms
2026-10-06 07:02:51.247 +07:00 [INF] Starting CulinaryBlog API
2026-10-06 07:02:51.543 +07:00 [INF] Starting database initialization...
2026-10-06 07:02:52.109 +07:00 [WRN] Entity 'Recipe' has a global query filter defined and is the required end of a relationship with the entity 'RecipeImage'. This may lead to unexpected results when the required entity is filtered out. Either configure the navigation as optional, or define matching query filters for both entities in the navigation. See https://go.microsoft.com/fwlink/?linkid=2131316 for more information.
2026-10-06 07:02:52.110 +07:00 [WRN] Entity 'Recipe' has a global query filter defined and is the required end of a relationship with the entity 'RecipeIngredient'. This may lead to unexpected results when the required entity is filtered out. Either configure the navigation as optional, or define matching query filters for both entities in the navigation. See https://go.microsoft.com/fwlink/?linkid=2131316 for more information.
2026-10-06 07:02:52.110 +07:00 [WRN] Entity 'Recipe' has a global query filter defined and is the required end of a relationship with the entity 'RecipeStep'. This may lead to unexpected results when the required entity is filtered out. Either configure the navigation as optional, or define matching query filters for both entities in the navigation. See https://go.microsoft.com/fwlink/?linkid=2131316 for more information.
2026-10-06 07:02:52.598 +07:00 [INF] Database migrations applied.
2026-10-06 07:02:52.981 +07:00 [INF] Admin user already exists: admin@culinaryblog.com
2026-10-06 07:02:53.011 +07:00 [INF] Database initialization completed.
2026-10-06 07:02:53.046 +07:00 [INF] Start installing Hangfire SQL objects...
2026-10-06 07:02:53.108 +07:00 [INF] Hangfire SQL objects installed.
2026-10-06 07:02:53.417 +07:00 [INF] Starting Hangfire Server using job storage: 'PostgreSQL Server: Host: 127.0.0.1, DB: culinaryblog_db, Schema: hangfire'
2026-10-06 07:02:53.417 +07:00 [INF] Using the following options for PostgreSQL job storage:
2026-10-06 07:02:53.417 +07:00 [INF]     Queue poll interval: 00:00:15.
2026-10-06 07:02:53.417 +07:00 [INF]     Invisibility timeout: 00:30:00.
2026-10-06 07:02:53.417 +07:00 [INF]     Use sliding invisibility timeout: False.
2026-10-06 07:02:53.418 +07:00 [INF] Using the following options for Hangfire Server:
    Worker count: 20
    Listening queues: 'default'
    Shutdown timeout: 00:00:15
    Schedule polling interval: 00:00:15
2026-10-06 07:02:53.521 +07:00 [INF] Server quocnv:21872:23b1711f successfully announced in 91,3218 ms
2026-10-06 07:02:53.523 +07:00 [INF] Server quocnv:21872:23b1711f is starting the registered dispatchers: ServerWatchdog, ServerJobCancellationWatcher, ExpirationManager, CountersAggregator, Worker, DelayedJobScheduler, RecurringJobScheduler...
2026-10-06 07:02:53.530 +07:00 [INF] Server quocnv:21872:23b1711f all the dispatchers started
2026-10-06 07:04:20.970 +07:00 [INF] HTTP POST /api/v1/auth/revoke responded 204 in 201.6401 ms
2026-10-06 07:21:45.848 +07:00 [INF] Starting CulinaryBlog API
2026-10-06 07:21:46.146 +07:00 [INF] Starting database initialization...
2026-10-06 07:21:46.911 +07:00 [WRN] Entity 'Recipe' has a global query filter defined and is the required end of a relationship with the entity 'RecipeImage'. This may lead to unexpected results when the required entity is filtered out. Either configure the navigation as optional, or define matching query filters for both entities in the navigation. See https://go.microsoft.com/fwlink/?linkid=2131316 for more information.
2026-10-06 07:21:46.914 +07:00 [WRN] Entity 'Recipe' has a global query filter defined and is the required end of a relationship with the entity 'RecipeIngredient'. This may lead to unexpected results when the required entity is filtered out. Either configure the navigation as optional, or define matching query filters for both entities in the navigation. See https://go.microsoft.com/fwlink/?linkid=2131316 for more information.
2026-10-06 07:21:46.915 +07:00 [WRN] Entity 'Recipe' has a global query filter defined and is the required end of a relationship with the entity 'RecipeStep'. This may lead to unexpected results when the required entity is filtered out. Either configure the navigation as optional, or define matching query filters for both entities in the navigation. See https://go.microsoft.com/fwlink/?linkid=2131316 for more information.
2026-10-06 07:21:47.420 +07:00 [INF] Database migrations applied.
2026-10-06 07:21:47.788 +07:00 [INF] Admin user already exists: admin@culinaryblog.com
2026-10-06 07:21:47.844 +07:00 [INF] Database initialization completed.
2026-10-06 07:21:47.914 +07:00 [INF] Start installing Hangfire SQL objects...
2026-10-06 07:21:47.941 +07:00 [INF] Hangfire SQL objects installed.
2026-10-06 07:21:48.180 +07:00 [INF] Starting Hangfire Server using job storage: 'PostgreSQL Server: Host: 127.0.0.1, DB: culinaryblog_db, Schema: hangfire'
2026-10-06 07:21:48.181 +07:00 [INF] Using the following options for PostgreSQL job storage:
2026-10-06 07:21:48.182 +07:00 [INF]     Queue poll interval: 00:00:15.
2026-10-06 07:21:48.183 +07:00 [INF]     Invisibility timeout: 00:30:00.
2026-10-06 07:21:48.183 +07:00 [INF]     Use sliding invisibility timeout: False.
2026-10-06 07:21:48.184 +07:00 [INF] Using the following options for Hangfire Server:
    Worker count: 20
    Listening queues: 'default'
    Shutdown timeout: 00:00:15
    Schedule polling interval: 00:00:15
2026-10-06 07:21:48.287 +07:00 [INF] Server quocnv:22620:ce65a87a successfully announced in 91,0913 ms
2026-10-06 07:21:48.290 +07:00 [INF] Server quocnv:22620:ce65a87a is starting the registered dispatchers: ServerWatchdog, ServerJobCancellationWatcher, ExpirationManager, CountersAggregator, Worker, DelayedJobScheduler, RecurringJobScheduler...
2026-10-06 07:21:48.295 +07:00 [INF] 2 servers were removed due to timeout
2026-10-06 07:21:48.298 +07:00 [INF] Server quocnv:22620:ce65a87a all the dispatchers started
2026-10-06 07:21:53.222 +07:00 [ERR] HTTP POST /api/v1/auth/login responded 500 in 267.2330 ms
CulinaryBlog.Domain.Exceptions.UnauthorizedAuthException: Email not confirmed. Please check your email to confirm your account.
   at CulinaryBlog.Infrastructure.Services.AuthService.LoginAsync(LoginRequest request, String ipAddress) in D:\PTUDWNC-2026-Nhom12\backend\src\CulinaryBlog.Infrastructure\Services\AuthService.cs:line 115
   at CulinaryBlog.API.Controllers.AuthController.Login(LoginRequest request, CancellationToken cancellationToken) in D:\PTUDWNC-2026-Nhom12\backend\src\CulinaryBlog.Api\Controllers\AuthController.cs:line 39
   at Microsoft.AspNetCore.Mvc.Infrastructure.ActionMethodExecutor.TaskOfIActionResultExecutor.Execute(ActionContext actionContext, IActionResultTypeMapper mapper, ObjectMethodExecutor executor, Object controller, Object[] arguments)
   at Microsoft.AspNetCore.Mvc.Infrastructure.ControllerActionInvoker.<InvokeActionMethodAsync>g__Logged|12_1(ControllerActionInvoker invoker)
   at Microsoft.AspNetCore.Mvc.Infrastructure.ControllerActionInvoker.<InvokeNextActionFilterAsync>g__Awaited|10_0(ControllerActionInvoker invoker, Task lastTask, State next, Scope scope, Object state, Boolean isCompleted)
   at Microsoft.AspNetCore.Mvc.Infrastructure.ControllerActionInvoker.Rethrow(ActionExecutedContextSealed context)
   at Microsoft.AspNetCore.Mvc.Infrastructure.ControllerActionInvoker.Next(State& next, Scope& scope, Object& state, Boolean& isCompleted)
   at Microsoft.AspNetCore.Mvc.Infrastructure.ControllerActionInvoker.<InvokeInnerFilterAsync>g__Awaited|13_0(ControllerActionInvoker invoker, Task lastTask, State next, Scope scope, Object state, Boolean isCompleted)
   at Microsoft.AspNetCore.Mvc.Infrastructure.ResourceInvoker.<InvokeFilterPipelineAsync>g__Awaited|20_0(ResourceInvoker invoker, Task lastTask, State next, Scope scope, Object state, Boolean isCompleted)
   at Microsoft.AspNetCore.Mvc.Infrastructure.ResourceInvoker.<InvokeAsync>g__Logged|17_1(ResourceInvoker invoker)
   at Microsoft.AspNetCore.Mvc.Infrastructure.ResourceInvoker.<InvokeAsync>g__Logged|17_1(ResourceInvoker invoker)
   at Serilog.AspNetCore.RequestLoggingMiddleware.Invoke(HttpContext httpContext)
2026-10-06 07:21:53.362 +07:00 [INF] HTTP POST /api/v1/auth/refresh responded 404 in 0.1019 ms
2026-10-06 07:21:58.256 +07:00 [ERR] HTTP POST /api/v1/auth/login responded 500 in 167.8696 ms
CulinaryBlog.Domain.Exceptions.UnauthorizedAuthException: Email not confirmed. Please check your email to confirm your account.
   at CulinaryBlog.Infrastructure.Services.AuthService.LoginAsync(LoginRequest request, String ipAddress) in D:\PTUDWNC-2026-Nhom12\backend\src\CulinaryBlog.Infrastructure\Services\AuthService.cs:line 115
   at CulinaryBlog.API.Controllers.AuthController.Login(LoginRequest request, CancellationToken cancellationToken) in D:\PTUDWNC-2026-Nhom12\backend\src\CulinaryBlog.Api\Controllers\AuthController.cs:line 39
   at Microsoft.AspNetCore.Mvc.Infrastructure.ActionMethodExecutor.TaskOfIActionResultExecutor.Execute(ActionContext actionContext, IActionResultTypeMapper mapper, ObjectMethodExecutor executor, Object controller, Object[] arguments)
   at Microsoft.AspNetCore.Mvc.Infrastructure.ControllerActionInvoker.<InvokeActionMethodAsync>g__Logged|12_1(ControllerActionInvoker invoker)
   at Microsoft.AspNetCore.Mvc.Infrastructure.ControllerActionInvoker.<InvokeNextActionFilterAsync>g__Awaited|10_0(ControllerActionInvoker invoker, Task lastTask, State next, Scope scope, Object state, Boolean isCompleted)
   at Microsoft.AspNetCore.Mvc.Infrastructure.ControllerActionInvoker.Rethrow(ActionExecutedContextSealed context)
   at Microsoft.AspNetCore.Mvc.Infrastructure.ControllerActionInvoker.Next(State& next, Scope& scope, Object& state, Boolean& isCompleted)
   at Microsoft.AspNetCore.Mvc.Infrastructure.ControllerActionInvoker.<InvokeInnerFilterAsync>g__Awaited|13_0(ControllerActionInvoker invoker, Task lastTask, State next, Scope scope, Object state, Boolean isCompleted)
   at Microsoft.AspNetCore.Mvc.Infrastructure.ResourceInvoker.<InvokeFilterPipelineAsync>g__Awaited|20_0(ResourceInvoker invoker, Task lastTask, State next, Scope scope, Object state, Boolean isCompleted)
   at Microsoft.AspNetCore.Mvc.Infrastructure.ResourceInvoker.<InvokeAsync>g__Logged|17_1(ResourceInvoker invoker)
   at Microsoft.AspNetCore.Mvc.Infrastructure.ResourceInvoker.<InvokeAsync>g__Logged|17_1(ResourceInvoker invoker)
   at Serilog.AspNetCore.RequestLoggingMiddleware.Invoke(HttpContext httpContext)
2026-10-06 07:21:58.271 +07:00 [INF] HTTP POST /api/v1/auth/refresh responded 404 in 0.0120 ms
2026-10-06 07:22:25.819 +07:00 [ERR] HTTP POST /api/v1/auth/login responded 500 in 21.3012 ms
CulinaryBlog.Domain.Exceptions.UnauthorizedAuthException: Email not confirmed. Please check your email to confirm your account.
   at CulinaryBlog.Infrastructure.Services.AuthService.LoginAsync(LoginRequest request, String ipAddress) in D:\PTUDWNC-2026-Nhom12\backend\src\CulinaryBlog.Infrastructure\Services\AuthService.cs:line 115
   at CulinaryBlog.API.Controllers.AuthController.Login(LoginRequest request, CancellationToken cancellationToken) in D:\PTUDWNC-2026-Nhom12\backend\src\CulinaryBlog.Api\Controllers\AuthController.cs:line 39
   at Microsoft.AspNetCore.Mvc.Infrastructure.ActionMethodExecutor.TaskOfIActionResultExecutor.Execute(ActionContext actionContext, IActionResultTypeMapper mapper, ObjectMethodExecutor executor, Object controller, Object[] arguments)
   at Microsoft.AspNetCore.Mvc.Infrastructure.ControllerActionInvoker.<InvokeActionMethodAsync>g__Logged|12_1(ControllerActionInvoker invoker)
   at Microsoft.AspNetCore.Mvc.Infrastructure.ControllerActionInvoker.<InvokeNextActionFilterAsync>g__Awaited|10_0(ControllerActionInvoker invoker, Task lastTask, State next, Scope scope, Object state, Boolean isCompleted)
   at Microsoft.AspNetCore.Mvc.Infrastructure.ControllerActionInvoker.Rethrow(ActionExecutedContextSealed context)
   at Microsoft.AspNetCore.Mvc.Infrastructure.ControllerActionInvoker.Next(State& next, Scope& scope, Object& state, Boolean& isCompleted)
   at Microsoft.AspNetCore.Mvc.Infrastructure.ControllerActionInvoker.<InvokeInnerFilterAsync>g__Awaited|13_0(ControllerActionInvoker invoker, Task lastTask, State next, Scope scope, Object state, Boolean isCompleted)
   at Microsoft.AspNetCore.Mvc.Infrastructure.ResourceInvoker.<InvokeFilterPipelineAsync>g__Awaited|20_0(ResourceInvoker invoker, Task lastTask, State next, Scope scope, Object state, Boolean isCompleted)
   at Microsoft.AspNetCore.Mvc.Infrastructure.ResourceInvoker.<InvokeAsync>g__Logged|17_1(ResourceInvoker invoker)
   at Microsoft.AspNetCore.Mvc.Infrastructure.ResourceInvoker.<InvokeAsync>g__Logged|17_1(ResourceInvoker invoker)
   at Serilog.AspNetCore.RequestLoggingMiddleware.Invoke(HttpContext httpContext)
2026-10-06 07:22:25.854 +07:00 [INF] HTTP POST /api/v1/auth/refresh responded 404 in 0.0450 ms
2026-10-06 07:23:18.991 +07:00 [ERR] HTTP POST /api/v1/auth/login responded 500 in 7.7800 ms
CulinaryBlog.Domain.Exceptions.UnauthorizedAuthException: Email not confirmed. Please check your email to confirm your account.
   at CulinaryBlog.Infrastructure.Services.AuthService.LoginAsync(LoginRequest request, String ipAddress) in D:\PTUDWNC-2026-Nhom12\backend\src\CulinaryBlog.Infrastructure\Services\AuthService.cs:line 115
   at CulinaryBlog.API.Controllers.AuthController.Login(LoginRequest request, CancellationToken cancellationToken) in D:\PTUDWNC-2026-Nhom12\backend\src\CulinaryBlog.Api\Controllers\AuthController.cs:line 39
   at Microsoft.AspNetCore.Mvc.Infrastructure.ActionMethodExecutor.TaskOfIActionResultExecutor.Execute(ActionContext actionContext, IActionResultTypeMapper mapper, ObjectMethodExecutor executor, Object controller, Object[] arguments)
   at Microsoft.AspNetCore.Mvc.Infrastructure.ControllerActionInvoker.<InvokeActionMethodAsync>g__Logged|12_1(ControllerActionInvoker invoker)
   at Microsoft.AspNetCore.Mvc.Infrastructure.ControllerActionInvoker.<InvokeNextActionFilterAsync>g__Awaited|10_0(ControllerActionInvoker invoker, Task lastTask, State next, Scope scope, Object state, Boolean isCompleted)
   at Microsoft.AspNetCore.Mvc.Infrastructure.ControllerActionInvoker.Rethrow(ActionExecutedContextSealed context)
   at Microsoft.AspNetCore.Mvc.Infrastructure.ControllerActionInvoker.Next(State& next, Scope& scope, Object& state, Boolean& isCompleted)
   at Microsoft.AspNetCore.Mvc.Infrastructure.ControllerActionInvoker.<InvokeInnerFilterAsync>g__Awaited|13_0(ControllerActionInvoker invoker, Task lastTask, State next, Scope scope, Object state, Boolean isCompleted)
   at Microsoft.AspNetCore.Mvc.Infrastructure.ResourceInvoker.<InvokeFilterPipelineAsync>g__Awaited|20_0(ResourceInvoker invoker, Task lastTask, State next, Scope scope, Object state, Boolean isCompleted)
   at Microsoft.AspNetCore.Mvc.Infrastructure.ResourceInvoker.<InvokeAsync>g__Logged|17_1(ResourceInvoker invoker)
   at Microsoft.AspNetCore.Mvc.Infrastructure.ResourceInvoker.<InvokeAsync>g__Logged|17_1(ResourceInvoker invoker)
   at Serilog.AspNetCore.RequestLoggingMiddleware.Invoke(HttpContext httpContext)
2026-10-06 07:23:19.030 +07:00 [INF] HTTP POST /api/v1/auth/refresh responded 404 in 0.0216 ms
2026-10-06 07:39:46.641 +07:00 [INF] Starting CulinaryBlog API
2026-10-06 07:39:46.861 +07:00 [INF] Starting database initialization...
2026-10-06 07:39:47.354 +07:00 [WRN] Entity 'Recipe' has a global query filter defined and is the required end of a relationship with the entity 'RecipeImage'. This may lead to unexpected results when the required entity is filtered out. Either configure the navigation as optional, or define matching query filters for both entities in the navigation. See https://go.microsoft.com/fwlink/?linkid=2131316 for more information.
2026-10-06 07:39:47.355 +07:00 [WRN] Entity 'Recipe' has a global query filter defined and is the required end of a relationship with the entity 'RecipeIngredient'. This may lead to unexpected results when the required entity is filtered out. Either configure the navigation as optional, or define matching query filters for both entities in the navigation. See https://go.microsoft.com/fwlink/?linkid=2131316 for more information.
2026-10-06 07:39:47.355 +07:00 [WRN] Entity 'Recipe' has a global query filter defined and is the required end of a relationship with the entity 'RecipeStep'. This may lead to unexpected results when the required entity is filtered out. Either configure the navigation as optional, or define matching query filters for both entities in the navigation. See https://go.microsoft.com/fwlink/?linkid=2131316 for more information.
2026-10-06 07:39:47.841 +07:00 [INF] Database migrations applied.
2026-10-06 07:39:48.174 +07:00 [INF] Admin user already exists: admin@culinaryblog.com
2026-10-06 07:39:48.203 +07:00 [INF] Database initialization completed.
2026-10-06 07:39:48.240 +07:00 [INF] Start installing Hangfire SQL objects...
2026-10-06 07:39:48.261 +07:00 [INF] Hangfire SQL objects installed.
2026-10-06 07:39:48.470 +07:00 [INF] Starting Hangfire Server using job storage: 'PostgreSQL Server: Host: 127.0.0.1, DB: culinaryblog_db, Schema: hangfire'
2026-10-06 07:39:48.470 +07:00 [INF] Using the following options for PostgreSQL job storage:
2026-10-06 07:39:48.470 +07:00 [INF]     Queue poll interval: 00:00:15.
2026-10-06 07:39:48.470 +07:00 [INF]     Invisibility timeout: 00:30:00.
2026-10-06 07:39:48.470 +07:00 [INF]     Use sliding invisibility timeout: False.
2026-10-06 07:39:48.470 +07:00 [INF] Using the following options for Hangfire Server:
    Worker count: 20
    Listening queues: 'default'
    Shutdown timeout: 00:00:15
    Schedule polling interval: 00:00:15
2026-10-06 07:39:48.560 +07:00 [INF] Server quocnv:22756:b82fa822 successfully announced in 80,1628 ms
2026-10-06 07:39:48.562 +07:00 [INF] Server quocnv:22756:b82fa822 is starting the registered dispatchers: ServerWatchdog, ServerJobCancellationWatcher, ExpirationManager, CountersAggregator, Worker, DelayedJobScheduler, RecurringJobScheduler...
2026-10-06 07:39:48.570 +07:00 [INF] Server quocnv:22756:b82fa822 all the dispatchers started
2026-10-06 07:40:46.650 +07:00 [INF] HTTP GET /health responded 404 in 0.5669 ms
2026-10-06 07:41:03.188 +07:00 [INF] HTTP POST /api/auth/login responded 404 in 0.0349 ms
2026-10-06 07:41:27.755 +07:00 [INF] Login attempt for: test@example.com from IP: ::1
2026-10-06 07:41:27.756 +07:00 [INF] Login attempt for: test@example.com
2026-10-06 07:41:27.822 +07:00 [WRN] Login failed: User not found for test@example.com
2026-10-06 07:41:27.826 +07:00 [ERR] HTTP POST /api/v1/auth/login responded 500 in 113.2515 ms
CulinaryBlog.Domain.Exceptions.UnauthorizedAuthException: Invalid username/email or password.
   at CulinaryBlog.Infrastructure.Services.AuthService.LoginAsync(LoginRequest request, String ipAddress) in D:\PTUDWNC-2026-Nhom12\backend\src\CulinaryBlog.Infrastructure\Services\AuthService.cs:line 119
   at CulinaryBlog.API.Controllers.AuthController.Login(LoginRequest request, CancellationToken cancellationToken) in D:\PTUDWNC-2026-Nhom12\backend\src\CulinaryBlog.Api\Controllers\AuthController.cs:line 49
   at Microsoft.AspNetCore.Mvc.Infrastructure.ActionMethodExecutor.TaskOfIActionResultExecutor.Execute(ActionContext actionContext, IActionResultTypeMapper mapper, ObjectMethodExecutor executor, Object controller, Object[] arguments)
   at Microsoft.AspNetCore.Mvc.Infrastructure.ControllerActionInvoker.<InvokeActionMethodAsync>g__Logged|12_1(ControllerActionInvoker invoker)
   at Microsoft.AspNetCore.Mvc.Infrastructure.ControllerActionInvoker.<InvokeNextActionFilterAsync>g__Awaited|10_0(ControllerActionInvoker invoker, Task lastTask, State next, Scope scope, Object state, Boolean isCompleted)
   at Microsoft.AspNetCore.Mvc.Infrastructure.ControllerActionInvoker.Rethrow(ActionExecutedContextSealed context)
   at Microsoft.AspNetCore.Mvc.Infrastructure.ControllerActionInvoker.Next(State& next, Scope& scope, Object& state, Boolean& isCompleted)
   at Microsoft.AspNetCore.Mvc.Infrastructure.ControllerActionInvoker.<InvokeInnerFilterAsync>g__Awaited|13_0(ControllerActionInvoker invoker, Task lastTask, State next, Scope scope, Object state, Boolean isCompleted)
   at Microsoft.AspNetCore.Mvc.Infrastructure.ResourceInvoker.<InvokeFilterPipelineAsync>g__Awaited|20_0(ResourceInvoker invoker, Task lastTask, State next, Scope scope, Object state, Boolean isCompleted)
   at Microsoft.AspNetCore.Mvc.Infrastructure.ResourceInvoker.<InvokeAsync>g__Logged|17_1(ResourceInvoker invoker)
   at Microsoft.AspNetCore.Mvc.Infrastructure.ResourceInvoker.<InvokeAsync>g__Logged|17_1(ResourceInvoker invoker)
   at Serilog.AspNetCore.RequestLoggingMiddleware.Invoke(HttpContext httpContext)
2026-10-06 07:41:27.858 +07:00 [ERR] Unhandled exception: POST /api/v1/auth/login - TraceId: 0HNP389R17J9E:00000001, ExceptionType: UnauthorizedAuthException, Message: Invalid username/email or password.
CulinaryBlog.Domain.Exceptions.UnauthorizedAuthException: Invalid username/email or password.
   at CulinaryBlog.Infrastructure.Services.AuthService.LoginAsync(LoginRequest request, String ipAddress) in D:\PTUDWNC-2026-Nhom12\backend\src\CulinaryBlog.Infrastructure\Services\AuthService.cs:line 119
   at CulinaryBlog.API.Controllers.AuthController.Login(LoginRequest request, CancellationToken cancellationToken) in D:\PTUDWNC-2026-Nhom12\backend\src\CulinaryBlog.Api\Controllers\AuthController.cs:line 49
   at Microsoft.AspNetCore.Mvc.Infrastructure.ActionMethodExecutor.TaskOfIActionResultExecutor.Execute(ActionContext actionContext, IActionResultTypeMapper mapper, ObjectMethodExecutor executor, Object controller, Object[] arguments)
   at Microsoft.AspNetCore.Mvc.Infrastructure.ControllerActionInvoker.<InvokeActionMethodAsync>g__Logged|12_1(ControllerActionInvoker invoker)
   at Microsoft.AspNetCore.Mvc.Infrastructure.ControllerActionInvoker.<InvokeNextActionFilterAsync>g__Awaited|10_0(ControllerActionInvoker invoker, Task lastTask, State next, Scope scope, Object state, Boolean isCompleted)
   at Microsoft.AspNetCore.Mvc.Infrastructure.ControllerActionInvoker.Rethrow(ActionExecutedContextSealed context)
   at Microsoft.AspNetCore.Mvc.Infrastructure.ControllerActionInvoker.Next(State& next, Scope& scope, Object& state, Boolean& isCompleted)
   at Microsoft.AspNetCore.Mvc.Infrastructure.ControllerActionInvoker.<InvokeInnerFilterAsync>g__Awaited|13_0(ControllerActionInvoker invoker, Task lastTask, State next, Scope scope, Object state, Boolean isCompleted)
   at Microsoft.AspNetCore.Mvc.Infrastructure.ResourceInvoker.<InvokeFilterPipelineAsync>g__Awaited|20_0(ResourceInvoker invoker, Task lastTask, State next, Scope scope, Object state, Boolean isCompleted)
   at Microsoft.AspNetCore.Mvc.Infrastructure.ResourceInvoker.<InvokeAsync>g__Logged|17_1(ResourceInvoker invoker)
   at Microsoft.AspNetCore.Mvc.Infrastructure.ResourceInvoker.<InvokeAsync>g__Logged|17_1(ResourceInvoker invoker)
   at Serilog.AspNetCore.RequestLoggingMiddleware.Invoke(HttpContext httpContext)
   at Microsoft.AspNetCore.Authorization.AuthorizationMiddleware.Invoke(HttpContext context)
   at Microsoft.AspNetCore.Authentication.AuthenticationMiddleware.Invoke(HttpContext context)
   at CulinaryBlog.Api.Middleware.ExceptionHandlingMiddleware.InvokeAsync(HttpContext context) in D:\PTUDWNC-2026-Nhom12\backend\src\CulinaryBlog.Api\Middleware\ExceptionHandlingMiddleware.cs:line 30
2026-10-06 07:41:27.860 +07:00 [WRN] Domain exception: POST /api/v1/auth/login - TraceId: 0HNP389R17J9E:00000001, StatusCode: "Unauthorized", ErrorCode: UNAUTHORIZED, Message: Invalid username/email or password.
2026-10-06 07:41:53.864 +07:00 [INF] Registration attempt for: testuser (test@example.com) from IP: ::1
2026-10-06 07:41:53.865 +07:00 [INF] Registering new user: testuser (test@example.com)
2026-10-06 07:41:54.125 +07:00 [INF] User registered successfully: "be3c5665-a270-4e91-90ce-ce368da9ae09"
2026-10-06 07:41:58.954 +07:00 [INF] Registration successful for: testuser
2026-10-06 07:41:58.977 +07:00 [INF] HTTP POST /api/v1/auth/register responded 201 in 5135.3932 ms
2026-10-06 07:42:10.477 +07:00 [INF] Login attempt for: testuser from IP: ::1
2026-10-06 07:42:10.478 +07:00 [INF] Login attempt for: testuser
2026-10-06 07:42:10.484 +07:00 [WRN] Login failed: Email not confirmed for user "be3c5665-a270-4e91-90ce-ce368da9ae09"
2026-10-06 07:42:10.484 +07:00 [ERR] HTTP POST /api/v1/auth/login responded 500 in 16.6849 ms
CulinaryBlog.Domain.Exceptions.UnauthorizedAuthException: Email not confirmed. Please check your email to confirm your account.
   at CulinaryBlog.Infrastructure.Services.AuthService.LoginAsync(LoginRequest request, String ipAddress) in D:\PTUDWNC-2026-Nhom12\backend\src\CulinaryBlog.Infrastructure\Services\AuthService.cs:line 136
   at CulinaryBlog.API.Controllers.AuthController.Login(LoginRequest request, CancellationToken cancellationToken) in D:\PTUDWNC-2026-Nhom12\backend\src\CulinaryBlog.Api\Controllers\AuthController.cs:line 49
   at Microsoft.AspNetCore.Mvc.Infrastructure.ActionMethodExecutor.TaskOfIActionResultExecutor.Execute(ActionContext actionContext, IActionResultTypeMapper mapper, ObjectMethodExecutor executor, Object controller, Object[] arguments)
   at Microsoft.AspNetCore.Mvc.Infrastructure.ControllerActionInvoker.<InvokeActionMethodAsync>g__Logged|12_1(ControllerActionInvoker invoker)
   at Microsoft.AspNetCore.Mvc.Infrastructure.ControllerActionInvoker.<InvokeNextActionFilterAsync>g__Awaited|10_0(ControllerActionInvoker invoker, Task lastTask, State next, Scope scope, Object state, Boolean isCompleted)
   at Microsoft.AspNetCore.Mvc.Infrastructure.ControllerActionInvoker.Rethrow(ActionExecutedContextSealed context)
   at Microsoft.AspNetCore.Mvc.Infrastructure.ControllerActionInvoker.Next(State& next, Scope& scope, Object& state, Boolean& isCompleted)
   at Microsoft.AspNetCore.Mvc.Infrastructure.ControllerActionInvoker.<InvokeInnerFilterAsync>g__Awaited|13_0(ControllerActionInvoker invoker, Task lastTask, State next, Scope scope, Object state, Boolean isCompleted)
   at Microsoft.AspNetCore.Mvc.Infrastructure.ResourceInvoker.<InvokeFilterPipelineAsync>g__Awaited|20_0(ResourceInvoker invoker, Task lastTask, State next, Scope scope, Object state, Boolean isCompleted)
   at Microsoft.AspNetCore.Mvc.Infrastructure.ResourceInvoker.<InvokeAsync>g__Logged|17_1(ResourceInvoker invoker)
   at Microsoft.AspNetCore.Mvc.Infrastructure.ResourceInvoker.<InvokeAsync>g__Logged|17_1(ResourceInvoker invoker)
   at Serilog.AspNetCore.RequestLoggingMiddleware.Invoke(HttpContext httpContext)
2026-10-06 07:42:10.485 +07:00 [ERR] Unhandled exception: POST /api/v1/auth/login - TraceId: 0HNP389R17J9G:00000001, ExceptionType: UnauthorizedAuthException, Message: Email not confirmed. Please check your email to confirm your account.
CulinaryBlog.Domain.Exceptions.UnauthorizedAuthException: Email not confirmed. Please check your email to confirm your account.
   at CulinaryBlog.Infrastructure.Services.AuthService.LoginAsync(LoginRequest request, String ipAddress) in D:\PTUDWNC-2026-Nhom12\backend\src\CulinaryBlog.Infrastructure\Services\AuthService.cs:line 136
   at CulinaryBlog.API.Controllers.AuthController.Login(LoginRequest request, CancellationToken cancellationToken) in D:\PTUDWNC-2026-Nhom12\backend\src\CulinaryBlog.Api\Controllers\AuthController.cs:line 49
   at Microsoft.AspNetCore.Mvc.Infrastructure.ActionMethodExecutor.TaskOfIActionResultExecutor.Execute(ActionContext actionContext, IActionResultTypeMapper mapper, ObjectMethodExecutor executor, Object controller, Object[] arguments)
   at Microsoft.AspNetCore.Mvc.Infrastructure.ControllerActionInvoker.<InvokeActionMethodAsync>g__Logged|12_1(ControllerActionInvoker invoker)
   at Microsoft.AspNetCore.Mvc.Infrastructure.ControllerActionInvoker.<InvokeNextActionFilterAsync>g__Awaited|10_0(ControllerActionInvoker invoker, Task lastTask, State next, Scope scope, Object state, Boolean isCompleted)
   at Microsoft.AspNetCore.Mvc.Infrastructure.ControllerActionInvoker.Rethrow(ActionExecutedContextSealed context)
   at Microsoft.AspNetCore.Mvc.Infrastructure.ControllerActionInvoker.Next(State& next, Scope& scope, Object& state, Boolean& isCompleted)
   at Microsoft.AspNetCore.Mvc.Infrastructure.ControllerActionInvoker.<InvokeInnerFilterAsync>g__Awaited|13_0(ControllerActionInvoker invoker, Task lastTask, State next, Scope scope, Object state, Boolean isCompleted)
   at Microsoft.AspNetCore.Mvc.Infrastructure.ResourceInvoker.<InvokeFilterPipelineAsync>g__Awaited|20_0(ResourceInvoker invoker, Task lastTask, State next, Scope scope, Object state, Boolean isCompleted)
   at Microsoft.AspNetCore.Mvc.Infrastructure.ResourceInvoker.<InvokeAsync>g__Logged|17_1(ResourceInvoker invoker)
   at Microsoft.AspNetCore.Mvc.Infrastructure.ResourceInvoker.<InvokeAsync>g__Logged|17_1(ResourceInvoker invoker)
   at Serilog.AspNetCore.RequestLoggingMiddleware.Invoke(HttpContext httpContext)
   at Microsoft.AspNetCore.Authorization.AuthorizationMiddleware.Invoke(HttpContext context)
   at Microsoft.AspNetCore.Authentication.AuthenticationMiddleware.Invoke(HttpContext context)
   at CulinaryBlog.Api.Middleware.ExceptionHandlingMiddleware.InvokeAsync(HttpContext context) in D:\PTUDWNC-2026-Nhom12\backend\src\CulinaryBlog.Api\Middleware\ExceptionHandlingMiddleware.cs:line 30
2026-10-06 07:42:10.486 +07:00 [WRN] Domain exception: POST /api/v1/auth/login - TraceId: 0HNP389R17J9G:00000001, StatusCode: "Unauthorized", ErrorCode: UNAUTHORIZED, Message: Email not confirmed. Please check your email to confirm your account.
2026-10-06 07:44:48.619 +07:00 [INF] 1 servers were removed due to timeout
2026-10-06 07:50:53.013 +07:00 [INF] Starting CulinaryBlog API
2026-10-06 07:50:53.235 +07:00 [INF] Starting database initialization...
2026-10-06 07:50:53.728 +07:00 [WRN] Entity 'Recipe' has a global query filter defined and is the required end of a relationship with the entity 'RecipeImage'. This may lead to unexpected results when the required entity is filtered out. Either configure the navigation as optional, or define matching query filters for both entities in the navigation. See https://go.microsoft.com/fwlink/?linkid=2131316 for more information.
2026-10-06 07:50:53.730 +07:00 [WRN] Entity 'Recipe' has a global query filter defined and is the required end of a relationship with the entity 'RecipeIngredient'. This may lead to unexpected results when the required entity is filtered out. Either configure the navigation as optional, or define matching query filters for both entities in the navigation. See https://go.microsoft.com/fwlink/?linkid=2131316 for more information.
2026-10-06 07:50:53.730 +07:00 [WRN] Entity 'Recipe' has a global query filter defined and is the required end of a relationship with the entity 'RecipeStep'. This may lead to unexpected results when the required entity is filtered out. Either configure the navigation as optional, or define matching query filters for both entities in the navigation. See https://go.microsoft.com/fwlink/?linkid=2131316 for more information.
2026-10-06 07:50:54.202 +07:00 [INF] Database migrations applied.
2026-10-06 07:50:54.530 +07:00 [INF] Admin user already exists: admin@culinaryblog.com
2026-10-06 07:50:54.560 +07:00 [INF] Database initialization completed.
2026-10-06 07:50:54.586 +07:00 [INF] Start installing Hangfire SQL objects...
2026-10-06 07:50:54.608 +07:00 [INF] Hangfire SQL objects installed.
2026-10-06 07:50:54.792 +07:00 [INF] Starting Hangfire Server using job storage: 'PostgreSQL Server: Host: 127.0.0.1, DB: culinaryblog_db, Schema: hangfire'
2026-10-06 07:50:54.792 +07:00 [INF] Using the following options for PostgreSQL job storage:
2026-10-06 07:50:54.792 +07:00 [INF]     Queue poll interval: 00:00:15.
2026-10-06 07:50:54.792 +07:00 [INF]     Invisibility timeout: 00:30:00.
2026-10-06 07:50:54.792 +07:00 [INF]     Use sliding invisibility timeout: False.
2026-10-06 07:50:54.792 +07:00 [INF] Using the following options for Hangfire Server:
    Worker count: 20
    Listening queues: 'default'
    Shutdown timeout: 00:00:15
    Schedule polling interval: 00:00:15
2026-10-06 07:50:54.881 +07:00 [INF] Server quocnv:25900:9483d095 successfully announced in 79,6685 ms
2026-10-06 07:50:54.883 +07:00 [INF] Server quocnv:25900:9483d095 is starting the registered dispatchers: ServerWatchdog, ServerJobCancellationWatcher, ExpirationManager, CountersAggregator, Worker, DelayedJobScheduler, RecurringJobScheduler...
2026-10-06 07:50:54.891 +07:00 [INF] Server quocnv:25900:9483d095 all the dispatchers started
2026-10-06 07:52:22.426 +07:00 [INF] Starting CulinaryBlog API
2026-10-06 07:52:22.639 +07:00 [INF] Starting database initialization...
2026-10-06 07:52:23.139 +07:00 [WRN] Entity 'Recipe' has a global query filter defined and is the required end of a relationship with the entity 'RecipeImage'. This may lead to unexpected results when the required entity is filtered out. Either configure the navigation as optional, or define matching query filters for both entities in the navigation. See https://go.microsoft.com/fwlink/?linkid=2131316 for more information.
2026-10-06 07:52:23.141 +07:00 [WRN] Entity 'Recipe' has a global query filter defined and is the required end of a relationship with the entity 'RecipeIngredient'. This may lead to unexpected results when the required entity is filtered out. Either configure the navigation as optional, or define matching query filters for both entities in the navigation. See https://go.microsoft.com/fwlink/?linkid=2131316 for more information.
2026-10-06 07:52:23.141 +07:00 [WRN] Entity 'Recipe' has a global query filter defined and is the required end of a relationship with the entity 'RecipeStep'. This may lead to unexpected results when the required entity is filtered out. Either configure the navigation as optional, or define matching query filters for both entities in the navigation. See https://go.microsoft.com/fwlink/?linkid=2131316 for more information.
2026-10-06 07:52:23.605 +07:00 [INF] Database migrations applied.
2026-10-06 07:52:23.930 +07:00 [INF] Admin user already exists: admin@culinaryblog.com
2026-10-06 07:52:23.959 +07:00 [INF] Database initialization completed.
2026-10-06 07:52:23.985 +07:00 [INF] Start installing Hangfire SQL objects...
2026-10-06 07:52:24.035 +07:00 [INF] Hangfire SQL objects installed.
2026-10-06 07:52:24.218 +07:00 [INF] Starting Hangfire Server using job storage: 'PostgreSQL Server: Host: 127.0.0.1, DB: culinaryblog_db, Schema: hangfire'
2026-10-06 07:52:24.218 +07:00 [INF] Using the following options for PostgreSQL job storage:
2026-10-06 07:52:24.218 +07:00 [INF]     Queue poll interval: 00:00:15.
2026-10-06 07:52:24.218 +07:00 [INF]     Invisibility timeout: 00:30:00.
2026-10-06 07:52:24.218 +07:00 [INF]     Use sliding invisibility timeout: False.
2026-10-06 07:52:24.219 +07:00 [INF] Using the following options for Hangfire Server:
    Worker count: 20
    Listening queues: 'default'
    Shutdown timeout: 00:00:15
    Schedule polling interval: 00:00:15
2026-10-06 07:52:24.305 +07:00 [INF] Server quocnv:23268:72fd1d15 successfully announced in 76,8047 ms
2026-10-06 07:52:24.307 +07:00 [INF] Server quocnv:23268:72fd1d15 is starting the registered dispatchers: ServerWatchdog, ServerJobCancellationWatcher, ExpirationManager, CountersAggregator, Worker, DelayedJobScheduler, RecurringJobScheduler...
2026-10-06 07:52:24.314 +07:00 [INF] Server quocnv:23268:72fd1d15 all the dispatchers started
2026-10-06 07:54:40.469 +07:00 [INF] Login attempt for: testuser from IP: ::1
2026-10-06 07:54:40.472 +07:00 [INF] Login attempt for: testuser
2026-10-06 07:54:40.595 +07:00 [INF] Login successful for user "be3c5665-a270-4e91-90ce-ce368da9ae09"
2026-10-06 07:54:40.727 +07:00 [INF] Login successful for: testuser
2026-10-06 07:54:40.740 +07:00 [INF] HTTP POST /api/v1/auth/login responded 200 in 310.7593 ms
2026-10-06 08:01:38.287 +07:00 [INF] Starting CulinaryBlog API
2026-10-06 08:01:42.559 +07:00 [INF] Starting database initialization...
2026-10-06 08:01:44.046 +07:00 [WRN] Entity 'Recipe' has a global query filter defined and is the required end of a relationship with the entity 'RecipeImage'. This may lead to unexpected results when the required entity is filtered out. Either configure the navigation as optional, or define matching query filters for both entities in the navigation. See https://go.microsoft.com/fwlink/?linkid=2131316 for more information.
2026-10-06 08:01:44.047 +07:00 [WRN] Entity 'Recipe' has a global query filter defined and is the required end of a relationship with the entity 'RecipeIngredient'. This may lead to unexpected results when the required entity is filtered out. Either configure the navigation as optional, or define matching query filters for both entities in the navigation. See https://go.microsoft.com/fwlink/?linkid=2131316 for more information.
2026-10-06 08:01:44.047 +07:00 [WRN] Entity 'Recipe' has a global query filter defined and is the required end of a relationship with the entity 'RecipeStep'. This may lead to unexpected results when the required entity is filtered out. Either configure the navigation as optional, or define matching query filters for both entities in the navigation. See https://go.microsoft.com/fwlink/?linkid=2131316 for more information.
2026-10-06 08:01:44.518 +07:00 [INF] Database migrations applied.
2026-10-06 08:01:44.840 +07:00 [INF] Admin user already exists: admin@culinaryblog.com
2026-10-06 08:01:44.870 +07:00 [INF] Database initialization completed.
2026-10-06 08:01:45.239 +07:00 [INF] Start installing Hangfire SQL objects...
2026-10-06 08:01:45.295 +07:00 [INF] Hangfire SQL objects installed.
2026-10-06 08:01:45.489 +07:00 [INF] Starting Hangfire Server using job storage: 'PostgreSQL Server: Host: 127.0.0.1, DB: culinaryblog_db, Schema: hangfire'
2026-10-06 08:01:45.489 +07:00 [INF] Using the following options for PostgreSQL job storage:
2026-10-06 08:01:45.489 +07:00 [INF]     Queue poll interval: 00:00:15.
2026-10-06 08:01:45.489 +07:00 [INF]     Invisibility timeout: 00:30:00.
2026-10-06 08:01:45.489 +07:00 [INF]     Use sliding invisibility timeout: False.
2026-10-06 08:01:45.489 +07:00 [INF] Using the following options for Hangfire Server:
    Worker count: 20
    Listening queues: 'default'
    Shutdown timeout: 00:00:15
    Schedule polling interval: 00:00:15
2026-10-06 08:01:45.830 +07:00 [INF] Server quocnv:15028:01ec31d8 successfully announced in 331,3475 ms
2026-10-06 08:01:45.832 +07:00 [INF] Server quocnv:15028:01ec31d8 is starting the registered dispatchers: ServerWatchdog, ServerJobCancellationWatcher, ExpirationManager, CountersAggregator, Worker, DelayedJobScheduler, RecurringJobScheduler...
2026-10-06 08:01:45.836 +07:00 [INF] 2 servers were removed due to timeout
2026-10-06 08:01:45.838 +07:00 [INF] Server quocnv:15028:01ec31d8 all the dispatchers started
2026-10-06 08:03:54.395 +07:00 [INF] Starting CulinaryBlog API
2026-10-06 08:03:54.610 +07:00 [INF] Starting database initialization...
2026-10-06 08:03:55.102 +07:00 [WRN] Entity 'Recipe' has a global query filter defined and is the required end of a relationship with the entity 'RecipeImage'. This may lead to unexpected results when the required entity is filtered out. Either configure the navigation as optional, or define matching query filters for both entities in the navigation. See https://go.microsoft.com/fwlink/?linkid=2131316 for more information.
2026-10-06 08:03:55.103 +07:00 [WRN] Entity 'Recipe' has a global query filter defined and is the required end of a relationship with the entity 'RecipeIngredient'. This may lead to unexpected results when the required entity is filtered out. Either configure the navigation as optional, or define matching query filters for both entities in the navigation. See https://go.microsoft.com/fwlink/?linkid=2131316 for more information.
2026-10-06 08:03:55.103 +07:00 [WRN] Entity 'Recipe' has a global query filter defined and is the required end of a relationship with the entity 'RecipeStep'. This may lead to unexpected results when the required entity is filtered out. Either configure the navigation as optional, or define matching query filters for both entities in the navigation. See https://go.microsoft.com/fwlink/?linkid=2131316 for more information.
2026-10-06 08:03:55.573 +07:00 [INF] Database migrations applied.
2026-10-06 08:03:55.898 +07:00 [INF] Admin user already exists: admin@culinaryblog.com
2026-10-06 08:03:55.927 +07:00 [INF] Database initialization completed.
2026-10-06 08:03:55.951 +07:00 [INF] Start installing Hangfire SQL objects...
2026-10-06 08:03:55.972 +07:00 [INF] Hangfire SQL objects installed.
2026-10-06 08:03:56.154 +07:00 [INF] Starting Hangfire Server using job storage: 'PostgreSQL Server: Host: 127.0.0.1, DB: culinaryblog_db, Schema: hangfire'
2026-10-06 08:03:56.154 +07:00 [INF] Using the following options for PostgreSQL job storage:
2026-10-06 08:03:56.154 +07:00 [INF]     Queue poll interval: 00:00:15.
2026-10-06 08:03:56.154 +07:00 [INF]     Invisibility timeout: 00:30:00.
2026-10-06 08:03:56.154 +07:00 [INF]     Use sliding invisibility timeout: False.
2026-10-06 08:03:56.154 +07:00 [INF] Using the following options for Hangfire Server:
    Worker count: 20
    Listening queues: 'default'
    Shutdown timeout: 00:00:15
    Schedule polling interval: 00:00:15
2026-10-06 08:03:56.241 +07:00 [INF] Server quocnv:14828:02a24580 successfully announced in 77,7275 ms
2026-10-06 08:03:56.243 +07:00 [INF] Server quocnv:14828:02a24580 is starting the registered dispatchers: ServerWatchdog, ServerJobCancellationWatcher, ExpirationManager, CountersAggregator, Worker, DelayedJobScheduler, RecurringJobScheduler...
2026-10-06 08:03:56.248 +07:00 [INF] 1 servers were removed due to timeout
2026-10-06 08:03:56.249 +07:00 [INF] Server quocnv:14828:02a24580 all the dispatchers started
2026-10-06 08:04:06.365 +07:00 [INF] Login attempt for: testuser from IP: ::1
2026-10-06 08:04:06.368 +07:00 [INF] Login attempt for: testuser
2026-10-06 08:04:06.499 +07:00 [INF] Login successful for user "be3c5665-a270-4e91-90ce-ce368da9ae09"
2026-10-06 08:04:06.702 +07:00 [INF] Login successful for: testuser
2026-10-06 08:04:06.716 +07:00 [INF] HTTP POST /api/v1/auth/login responded 200 in 407.8917 ms
2026-10-06 08:08:56.365 +07:00 [INF] 1 servers were removed due to timeout
2026-10-06 08:14:32.882 +07:00 [INF] Login attempt for: 123 from IP: ::1
2026-10-06 08:14:32.883 +07:00 [INF] Login attempt for: 123
2026-10-06 08:14:33.129 +07:00 [INF] Login successful for user "6aa8f346-1559-4bcf-b619-9e3c5496bb2a"
2026-10-06 08:14:33.143 +07:00 [INF] Login successful for: 123
2026-10-06 08:14:33.147 +07:00 [INF] HTTP POST /api/v1/auth/login responded 200 in 272.5579 ms
